configuration,source_frame_index,pts_value,pts_timescale,original_mean_nits,identity_mean_nits,enhanced_mean_nits,enhanced_minus_original_mean_nits,usable_common_support
historical_unaligned,1498,1740499,24000,48.957092850513554,48.95709270958121,50.09511519650503,1.1380223459914731,historical_unmasked
historical_unaligned,1499,1741500,24000,49.17646342192751,49.17646327616126,49.63358767434306,0.45712425241555366,historical_unmasked
historical_unaligned,1500,1742501,24000,49.32952995601812,49.32952984924268,49.373275868453874,0.0437459124357531,historical_unmasked
historical_unaligned,1501,1743502,24000,49.31502931193317,49.31502920081406,49.3867048982614,0.0716755863282259,historical_unmasked
historical_unaligned,1502,1744503,24000,49.0515168700697,49.05151681762128,49.776070787624086,0.7245539175543882,historical_unmasked
historical_unaligned,1503,1745504,24000,48.86199138459633,48.861991333405896,48.87400087547014,0.012009490873808204,historical_unmasked
historical_unaligned,1504,1746505,24000,48.98166678746365,48.981666707573005,49.483893682757724,0.502226895294072,historical_unmasked
historical_unaligned,1505,1747506,24000,49.12569262084929,49.12569254288409,49.92426070263271,0.7985680817834151,historical_unmasked
historical_unaligned,1506,1748507,24000,48.94484039114561,48.94484030242088,49.57756277090978,0.6327223797641679,historical_unmasked
historical_unaligned,1507,1749508,24000,48.77024914169315,48.770249080019695,49.19855897023622,0.4283098285430711,historical_unmasked
historical_unaligned,1508,1750509,24000,48.830645031573056,48.83064496483747,49.36867766021958,0.5380326286465262,historical_unmasked
historical_unaligned,1509,1751510,24000,48.89276968494391,48.892769627206455,49.537835245347615,0.6450655604037081,historical_unmasked
historical_unaligned,1510,1752511,24000,48.938448438162666,48.93844838513492,48.96896034293246,0.030511904769795706,historical_unmasked
historical_unaligned,1511,1753512,24000,48.94736023790062,48.94736017766194,49.15348249071971,0.20612225281909247,historical_unmasked
historical_unaligned,1512,1754513,24000,48.891553656637264,48.89155359158241,48.95661498548479,0.06506132884752702,historical_unmasked
historical_unaligned,1513,1755514,24000,48.794185935121675,48.79418585423634,48.71307491955756,-0.08111101556411171,historical_unmasked
historical_unaligned,1514,1756515,24000,48.89397354970912,48.89397347798872,48.67736734571717,-0.21660620399195096,historical_unmasked
historical_unaligned,1515,1757516,24000,48.89634563946564,48.89634557230562,49.156409989477254,0.26006435001161066,historical_unmasked
historical_unaligned,1516,1758517,24000,48.868013763984074,48.86801369857323,49.4349265592761,0.5669127952920263,historical_unmasked
historical_unaligned,1517,1759518,24000,48.87793344271303,48.87793338110522,49.221043728047825,0.34311028533479515,historical_unmasked
historical_unaligned,1518,1760519,24000,48.96512136811716,48.96512130681189,49.700312470960796,0.7351911028436362,historical_unmasked
historical_unaligned,1519,1761520,24000,49.01328095839606,49.013280889325486,49.783757354852135,0.7704763964560755,historical_unmasked
historical_unaligned,1520,1762521,24000,49.003109374466476,49.003109306951366,49.91618160002974,0.913072225563262,historical_unmasked
historical_unaligned,1521,1763522,24000,48.99930581340182,48.999305743284175,49.79491543403494,0.7956096206331225,historical_unmasked
historical_unaligned,1522,1764523,24000,48.989570496093464,48.98957042444759,49.789516792305065,0.7999462962116013,historical_unmasked
historical_unaligned,1523,1765524,24000,48.998683504718436,48.99868343098385,49.94693893940911,0.9482554346906724,historical_unmasked
historical_unaligned,1524,1766525,24000,48.953689631698495,48.95368956035547,49.38028812514922,0.42659849345072587,historical_unmasked
historical_unaligned,1525,1767526,24000,49.10038284217424,49.10038276798192,49.775190423610496,0.6748075814362551,historical_unmasked
historical_unaligned,1526,1768527,24000,49.098995930495306,49.09899585932595,49.525408091084955,0.42641216058964915,historical_unmasked
historical_unaligned,1527,1769528,24000,49.04007200301407,49.04007192426285,48.54003550355662,-0.5000364994574511,historical_unmasked
anchor1498/strict,1498,1740499,24000,48.82347604457238,48.82347595918302,49.946735340064976,1.1232592954925948,false
anchor1498/strict,1499,1741500,24000,48.95803730806854,48.958037119524676,49.48231784124817,0.5242805331796276,false
anchor1498/strict,1500,1742501,24000,49.02796688904964,49.02796678055728,49.183469867888476,0.15550297883883957,false
anchor1498/strict,1501,1743502,24000,49.021642403362385,49.0216422959189,49.19379571467785,0.17215331131546208,false
anchor1498/strict,1502,1744503,24000,48.897622420945396,48.897622410916256,49.61423870085282,0.7166162799074272,false
anchor1498/strict,1503,1745504,24000,48.73657251644603,48.736572481639406,48.82109487238999,0.08452235594396029,false
anchor1498/strict,1504,1746505,24000,48.86045156925964,48.86045150058621,49.3643498793507,0.5038983100910599,false
anchor1498/strict,1505,1747506,24000,48.93018232868311,48.93018224603577,49.754649624390524,0.8244672957074144,false
anchor1498/strict,1506,1748507,24000,48.82481382305188,48.824813753948284,49.46881786520635,0.6440040421544637,false
anchor1498/strict,1507,1749508,24000,48.71086748545851,48.7108674178709,49.16453519689166,0.4536677114331553,false
anchor1498/strict,1508,1750509,24000,48.75161172340638,48.751611689678086,49.309783040339674,0.5581713169332971,false
anchor1498/strict,1509,1751510,24000,48.796589660595224,48.796589614464374,49.479672985623196,0.6830833250279724,false
anchor1498/strict,1510,1752511,24000,48.82725401020451,48.82725396506336,48.87502444962781,0.04777043942329584,false
anchor1498/strict,1511,1753512,24000,48.83543484391074,48.83543478759807,49.06134039234653,0.22590554843579014,false
anchor1498/strict,1512,1754513,24000,48.78381304548266,48.783812994796286,48.85497811932306,0.0711650738403975,false
anchor1498/strict,1513,1755514,24000,48.71455267693195,48.71455260633138,48.6595310117943,-0.05502166513765161,false
anchor1498/strict,1514,1756515,24000,48.80855070116232,48.80855064976356,48.615962140152334,-0.192588561009984,false
anchor1498/strict,1515,1757516,24000,48.80591399234598,48.80591392887791,49.08979183090959,0.2838778385636118,false
anchor1498/strict,1516,1758517,24000,48.77463196453626,48.774631919850236,49.34970047406488,0.5750685095286201,false
anchor1498/strict,1517,1759518,24000,48.78717687041834,48.787176830109615,49.14999038333992,0.3628135129215764,false
anchor1498/strict,1518,1760519,24000,48.852384500300374,48.852384440201476,49.643695663652764,0.7913111633523897,false
anchor1498/strict,1519,1761520,24000,48.87836339261398,48.87836332402409,49.69352152701403,0.8151581344000505,false
anchor1498/strict,1520,1762521,24000,48.87290146541221,48.872901411575974,49.811443526067535,0.9385420606553225,false
anchor1498/strict,1521,1763522,24000,48.84743135489283,48.84743130769538,49.67655796411849,0.8291266092256606,false
anchor1498/strict,1522,1764523,24000,48.847425614407456,48.84742556641263,49.687273936675524,0.8398483222680682,false
anchor1498/strict,1523,1765524,24000,48.86951335415658,48.86951329298926,49.8620978591518,0.9925845049952216,false
anchor1498/strict,1524,1766525,24000,48.85888111732408,48.858881056625876,49.33449055884519,0.47560944152110807,false
anchor1498/strict,1525,1767526,24000,48.922907612683964,48.92290754054629,49.70683240853591,0.7839247958519451,false
anchor1498/strict,1526,1768527,24000,48.92435028851968,48.9243502239533,49.48002489942227,0.5556746109025852,false
anchor1498/strict,1527,1769528,24000,48.91046464276942,48.91046457733375,48.534581934189724,-0.3758827085796952,false
anchor1498/strict/zero_motion_same_mask,1498,1740499,24000,48.82347604457238,48.82347595918302,49.946735340064976,1.1232592954925948,false
anchor1498/strict/zero_motion_same_mask,1499,1741500,24000,48.9636560924648,48.96365590196311,49.48959059944574,0.5259345069809385,false
anchor1498/strict/zero_motion_same_mask,1500,1742501,24000,49.019696912180706,49.019696808838866,49.17888122804588,0.15918431586517556,false
anchor1498/strict/zero_motion_same_mask,1501,1743502,24000,49.012742356840796,49.01274225321211,49.188815984407974,0.17607362756717748,false
anchor1498/strict/zero_motion_same_mask,1502,1744503,24000,48.88902633237448,48.889026330153264,49.604550653692165,0.7155243213176874,false
anchor1498/strict/zero_motion_same_mask,1503,1745504,24000,48.72436937218496,48.72436933287231,48.80876660470348,0.08439723251851916,false
anchor1498/strict/zero_motion_same_mask,1504,1746505,24000,48.85965870136614,48.85965863254787,49.36342726308746,0.5037685617213157,false
anchor1498/strict/zero_motion_same_mask,1505,1747506,24000,48.93463316127483,48.93463307772479,49.76182766232529,0.8271945010504567,false
anchor1498/strict/zero_motion_same_mask,1506,1748507,24000,48.81760637850849,48.81760631224687,49.45967828430136,0.6420719057928679,false
anchor1498/strict/zero_motion_same_mask,1507,1749508,24000,48.65411454304727,48.654114485652244,49.115528580961595,0.46141403791432367,false
anchor1498/strict/zero_motion_same_mask,1508,1750509,24000,48.69728919010609,48.69728914610163,49.260490557567046,0.5632013674609553,false
anchor1498/strict/zero_motion_same_mask,1509,1751510,24000,48.73006020826556,48.73006014584094,49.41226367395662,0.6822034656910603,false
anchor1498/strict/zero_motion_same_mask,1510,1752511,24000,48.79717026675022,48.797170214558264,48.83974960790203,0.04257934115180717,false
anchor1498/strict/zero_motion_same_mask,1511,1753512,24000,48.8077855342557,48.80778547018363,49.02631379884369,0.21852826458798802,false
anchor1498/strict/zero_motion_same_mask,1512,1754513,24000,48.769924152475575,48.76992409614044,48.840408977114315,0.07048482463873995,false
anchor1498/strict/zero_motion_same_mask,1513,1755514,24000,48.66011351550142,48.66011344586006,48.618299591544044,-0.0418139239573776,false
anchor1498/strict/zero_motion_same_mask,1514,1756515,24000,48.76670513435051,48.76670506710295,48.568787604194135,-0.19791753015637426,false
anchor1498/strict/zero_motion_same_mask,1515,1757516,24000,48.755907323537095,48.75590726466513,49.03331482890256,0.277407505365467,false
anchor1498/strict/zero_motion_same_mask,1516,1758517,24000,48.72918887725489,48.72918882874528,49.30444713018429,0.5752582529294017,false
anchor1498/strict/zero_motion_same_mask,1517,1759518,24000,48.73654163448297,48.7365415923994,49.09830325837877,0.36176162389580213,false
anchor1498/strict/zero_motion_same_mask,1518,1760519,24000,48.83661732339098,48.83661725679969,49.621809004039434,0.7851916806484525,false
anchor1498/strict/zero_motion_same_mask,1519,1761520,24000,48.87511491972858,48.87511485222753,49.68808047548842,0.8129655557598383,false
anchor1498/strict/zero_motion_same_mask,1520,1762521,24000,48.87379032015985,48.87379026712831,49.81118445271852,0.9373941325586728,false
anchor1498/strict/zero_motion_same_mask,1521,1763522,24000,48.86560093983575,48.8656008934065,49.70290706326595,0.8373061234301957,false
anchor1498/strict/zero_motion_same_mask,1522,1764523,24000,48.865586591158895,48.86558654686474,49.711270370332684,0.8456837791737897,false
anchor1498/strict/zero_motion_same_mask,1523,1765524,24000,48.886260212422954,48.88626015288853,49.881115536755686,0.9948553243327325,false
anchor1498/strict/zero_motion_same_mask,1524,1766525,24000,48.861496513150314,48.86149645115198,49.3372964288603,0.4757999157099846,false
anchor1498/strict/zero_motion_same_mask,1525,1767526,24000,48.94224319812719,48.942243125679504,49.7272474902348,0.7850042921076152,false
anchor1498/strict/zero_motion_same_mask,1526,1768527,24000,48.9442380011679,48.944237936481734,49.501756197176135,0.5575181960082318,false
anchor1498/strict/zero_motion_same_mask,1527,1769528,24000,48.929613644519044,48.92961357415347,48.547300070848785,-0.38231357367025964,false
anchor1498/primary,1498,1740499,24000,49.0127486141645,49.0127484670029,50.164484304359355,1.1517356901948546,true
anchor1498/primary,1499,1741500,24000,49.22887965284094,49.22887949738406,49.698462536016294,0.4695828831753559,true
anchor1498/primary,1500,1742501,24000,49.39255295201819,49.39255283034982,49.44601480950745,0.05346185748926047,true
anchor1498/primary,1501,1743502,24000,49.377969628310936,49.3779695022961,49.46513013239976,0.08716050408882126,true
anchor1498/primary,1502,1744503,24000,49.11603995005024,49.116039888412175,49.8531269959505,0.7370870459002603,true
anchor1498/primary,1503,1745504,24000,48.925643445369445,48.92564338244721,48.952215554052295,0.026572108682849205,true
anchor1498/primary,1504,1746505,24000,49.038263828399145,49.03826374645579,49.553175807051495,0.5149119786523499,true
anchor1498/primary,1505,1747506,24000,49.17403030775774,49.17403023319998,49.99475712125628,0.8207268134985384,true
anchor1498/primary,1506,1748507,24000,49.00954088373619,49.009540777349294,49.65224161685022,0.642700733114026,true
anchor1498/primary,1507,1749508,24000,48.853795874640475,48.85379579577119,49.28641653371028,0.43262065906980496,true
anchor1498/primary,1508,1750509,24000,48.91952406094817,48.91952398525198,49.46691351554883,0.5473894546006619,true
anchor1498/primary,1509,1751510,24000,48.99144886309793,48.99144879748082,49.64798693729644,0.6565380741985081,true
anchor1498/primary,1510,1752511,24000,49.020318576784696,49.02031851745303,49.06002020852556,0.03970163174086139,true
anchor1498/primary,1511,1753512,24000,49.02941341224035,49.029413345333815,49.24764556262258,0.21823215038222799,true
anchor1498/primary,1512,1754513,24000,48.96082399604235,48.960823910531474,49.0452972729833,0.08447327694094753,true
anchor1498/primary,1513,1755514,24000,48.88183908123541,48.881838985498185,48.808673821481996,-0.07316525975341648,true
anchor1498/primary,1514,1756515,24000,48.98403110149115,48.984031019604586,48.77692117907989,-0.2071099224112558,true
anchor1498/primary,1515,1757516,24000,48.991331075029414,48.991331003284216,49.26939021902029,0.2780591439908733,true
anchor1498/primary,1516,1758517,24000,48.955324333803176,48.95532424772817,49.535421305257245,0.5800969714540685,true
anchor1498/primary,1517,1759518,24000,48.970782128759325,48.970782048135355,49.33003947896443,0.3592573502051053,true
anchor1498/primary,1518,1760519,24000,49.039688231623835,49.03968816132985,49.79836788776611,0.7586796561422773,true
anchor1498/primary,1519,1761520,24000,49.078016650773044,49.07801657340978,49.86574227055192,0.7877256197788753,true
anchor1498/primary,1520,1762521,24000,49.070048515776406,49.070048436275805,49.99976868334401,0.9297201675676021,true
anchor1498/primary,1521,1763522,24000,49.05932025827529,49.05932018262529,49.87762291438676,0.8183026561114701,true
anchor1498/primary,1522,1764523,24000,49.06108641172325,49.061086335601644,49.889781006446796,0.8286945947235438,true
anchor1498/primary,1523,1765524,24000,49.08147837538386,49.08147829839676,50.06618180521032,0.9847034298264603,true
anchor1498/primary,1524,1766525,24000,49.06003931124815,49.060039227743566,49.537164207884025,0.4771248966358783,true
anchor1498/primary,1525,1767526,24000,49.20263477024208,49.20263469421055,49.92839003564155,0.7257552653994708,true
anchor1498/primary,1526,1768527,24000,49.21001045845226,49.21001038504181,49.69329302447243,0.48328256602017206,true
anchor1498/primary,1527,1769528,24000,49.17123060502631,49.17123050790207,48.716197500332704,-0.45503310469360514,true
anchor1498/primary/zero_motion_same_mask,1498,1740499,24000,49.0127486141645,49.0127484670029,50.164484304359355,1.1517356901948546,true
anchor1498/primary/zero_motion_same_mask,1499,1741500,24000,49.233000221068835,49.2330000655576,49.7019549633912,0.4689547423223672,true
anchor1498/primary/zero_motion_same_mask,1500,1742501,24000,49.38789248946952,49.38789236744657,49.439948731615544,0.05205624214602267,true
anchor1498/primary/zero_motion_same_mask,1501,1743502,24000,49.37308543019374,49.37308530396828,49.45915736262875,0.08607193243501143,true
anchor1498/primary/zero_motion_same_mask,1502,1744503,24000,49.11082150872091,49.11082144724509,49.84757674165623,0.7367552329353231,true
anchor1498/primary/zero_motion_same_mask,1503,1745504,24000,48.91289134499875,48.91289128205489,48.938312894662296,0.02542154966354815,true
anchor1498/primary/zero_motion_same_mask,1504,1746505,24000,49.03743574147088,49.037435659541686,49.55230033083804,0.5148645893671571,true
anchor1498/primary/zero_motion_same_mask,1505,1747506,24000,49.18102506125146,49.181024986619164,50.002353950928686,0.8213288896772255,true
anchor1498/primary/zero_motion_same_mask,1506,1748507,24000,49.00368088142102,49.00368077502188,49.64657698082771,0.6428960994066912,true
anchor1498/primary/zero_motion_same_mask,1507,1749508,24000,48.816233134941676,48.81623305825158,49.251353388178025,0.43512025323634873,true
anchor1498/primary/zero_motion_same_mask,1508,1750509,24000,48.883198912804666,48.88319883939644,49.4348238784717,0.5516249656670311,true
anchor1498/primary/zero_motion_same_mask,1509,1751510,24000,48.94579830425721,48.9457982401626,49.6050001443995,0.6592018401422877,true
anchor1498/primary/zero_motion_same_mask,1510,1752511,24000,48.99566092761432,48.99566086863815,49.03677907999319,0.04111815237887129,true
anchor1498/primary/zero_motion_same_mask,1511,1753512,24000,49.00515197062147,49.00515190413695,49.22361164596966,0.21845967534819266,true
anchor1498/primary/zero_motion_same_mask,1512,1754513,24000,48.95085690010864,48.950856814721256,49.03606121223454,0.08520431212590296,true
anchor1498/primary/zero_motion_same_mask,1513,1755514,24000,48.847752249815855,48.84775215485761,48.77702442556367,-0.07072782425218804,true
anchor1498/primary/zero_motion_same_mask,1514,1756515,24000,48.950665146615,48.95066506668585,48.74453619732168,-0.2061289492933227,true
anchor1498/primary/zero_motion_same_mask,1515,1757516,24000,48.952627750991304,48.952627680346964,49.229737937412075,0.2771101864207708,true
anchor1498/primary/zero_motion_same_mask,1516,1758517,24000,48.92614210725615,48.926142022069435,49.50329997977338,0.5771578725172333,true
anchor1498/primary/zero_motion_same_mask,1517,1759518,24000,48.93467957527274,48.93467949610383,49.291497352457256,0.3568177771845171,true
anchor1498/primary/zero_motion_same_mask,1518,1760519,24000,49.02248808284419,49.022488012816446,49.781148737484635,0.758660654640444,true
anchor1498/primary/zero_motion_same_mask,1519,1761520,24000,49.073021487324574,49.073021410103124,49.8604177140494,0.7873962267248231,true
anchor1498/primary/zero_motion_same_mask,1520,1762521,24000,49.06906076532071,49.06906068566658,49.998363943064184,0.9293031777434777,true
anchor1498/primary/zero_motion_same_mask,1521,1763522,24000,49.08022838942087,49.08022831309071,49.89452758149937,0.8142991920785008,true
anchor1498/primary/zero_motion_same_mask,1522,1764523,24000,49.08172333919849,49.08172326245294,49.904631994177386,0.822908654978896,true
anchor1498/primary/zero_motion_same_mask,1523,1765524,24000,49.096582489027526,49.09658241143608,50.07777745029582,0.9811949612682938,true
anchor1498/primary/zero_motion_same_mask,1524,1766525,24000,49.06046346377041,49.06046337999232,49.534098068313156,0.4736346045427453,true
anchor1498/primary/zero_motion_same_mask,1525,1767526,24000,49.220569609635874,49.220569533625024,49.94612878098633,0.7255591713504543,true
anchor1498/primary/zero_motion_same_mask,1526,1768527,24000,49.23136437542639,49.23136430209333,49.714328649653204,0.4829642742268163,true
anchor1498/primary/zero_motion_same_mask,1527,1769528,24000,49.191235852645,49.19123575435161,48.73057736585774,-0.46065848678725985,true
anchor1498/loose,1498,1740499,24000,49.01991523654264,49.01991508734583,50.17367019122178,1.153754954679144,true
anchor1498/loose,1499,1741500,24000,49.23899053201857,49.238990376667154,49.70796988193629,0.46897934991772416,true
anchor1498/loose,1500,1742501,24000,49.40639409987183,49.40639397967947,49.458621474306604,0.052227374434771434,true
anchor1498/loose,1501,1743502,24000,49.390667575898576,49.39066745128361,49.47757275810041,0.08690518220183208,true
anchor1498/loose,1502,1744503,24000,49.12640678118415,49.12640671669907,49.86451486107615,0.738108079892001,true
anchor1498/loose,1503,1745504,24000,48.93464061261746,48.934640546760434,48.961995083066334,0.027354470448877066,true
anchor1498/loose,1504,1746505,24000,49.04675097605262,49.04675089323067,49.56195438103242,0.5152034049798004,true
anchor1498/loose,1505,1747506,24000,49.184653871513426,49.18465379558361,50.00594405645109,0.8212901849376664,true
anchor1498/loose,1506,1748507,24000,49.019002281843186,49.01900217335695,49.662272851104106,0.6432705692609204,true
anchor1498/loose,1507,1749508,24000,48.863018447917504,48.86301836673936,49.29627745973435,0.433259011816844,true
anchor1498/loose,1508,1750509,24000,48.92849229203409,48.92849221389521,49.47663840359493,0.5481461115608397,true
anchor1498/loose,1509,1751510,24000,49.001373779724275,49.00137371392856,49.6582441617713,0.6568703820470247,true
anchor1498/loose,1510,1752511,24000,49.030076057308946,49.03007599787069,49.07055906514196,0.04048300783301073,true
anchor1498/loose,1511,1753512,24000,49.03931315104216,49.03931308400834,49.25808920939942,0.218776058357264,true
anchor1498/loose,1512,1754513,24000,48.96981957730329,48.969819489796805,49.05535875594518,0.08553917864188776,true
anchor1498/loose,1513,1755514,24000,48.890715409087555,48.8907153109089,48.81763405877988,-0.0730813503076746,true
anchor1498/loose,1514,1756515,24000,48.99327384810185,48.99327376546554,48.78643441573075,-0.2068394323710976,true
anchor1498/loose,1515,1757516,24000,49.001034077395225,49.00103400503531,49.27915157418273,0.27811749678750175,true
anchor1498/loose,1516,1758517,24000,48.964733243803764,48.964733155541914,49.545417245904,0.5806840021002344,true
anchor1498/loose,1517,1759518,24000,48.9805481176117,48.98054803518817,49.34026099508774,0.3597128774760421,true
anchor1498/loose,1518,1760519,24000,49.04956314898518,49.04956307980771,49.80826223391173,0.7586990849265476,true
anchor1498/loose,1519,1761520,24000,49.08841481388672,49.08841473704396,49.87604714877182,0.787632334885096,true
anchor1498/loose,1520,1762521,24000,49.08045215080612,49.080452071416765,50.0104263249877,0.9299741741815808,true
anchor1498/loose,1521,1763522,24000,49.06994877331502,49.069948697473144,49.88848748753172,0.8185387142167002,true
anchor1498/loose,1522,1764523,24000,49.07165970644677,49.07165963023158,49.901038827338674,0.8293791208919004,true
anchor1498/loose,1523,1765524,24000,49.09211378360933,49.09211370633474,50.07767901326015,0.9855652296508239,true
anchor1498/loose,1524,1766525,24000,49.070150615817205,49.070150532059664,49.54802839342893,0.4778777776117238,true
anchor1498/loose,1525,1767526,24000,49.21373702662784,49.21373695177545,49.94074189869595,0.7270048720681075,true
anchor1498/loose,1526,1768527,24000,49.221226014111885,49.22122594164392,49.70595475834801,0.4847287442361221,true
anchor1498/loose,1527,1769528,24000,49.181878094245384,49.181877992924385,48.727923597416975,-0.45395449682840905,true
anchor1498/loose/zero_motion_same_mask,1498,1740499,24000,49.01991523654264,49.01991508734583,50.17367019122178,1.153754954679144,true
anchor1498/loose/zero_motion_same_mask,1499,1741500,24000,49.243005551421355,49.24300539593697,49.71134101308101,0.468335461659656,true
anchor1498/loose/zero_motion_same_mask,1500,1742501,24000,49.401948761765546,49.40194864122699,49.45255327152469,0.050604509759146765,true
anchor1498/loose/zero_motion_same_mask,1501,1743502,24000,49.38585073191855,49.385850607053634,49.47159672136977,0.08574598945121892,true
anchor1498/loose/zero_motion_same_mask,1502,1744503,24000,49.121136948366114,49.12113688415586,49.85900700138047,0.7378700530143547,true
anchor1498/loose/zero_motion_same_mask,1503,1745504,24000,48.921909084439086,48.92190901863589,48.94809116181702,0.02618207737793199,true
anchor1498/loose/zero_motion_same_mask,1504,1746505,24000,49.04591484739697,49.04591476460414,49.561077634197815,0.5151627868008433,true
anchor1498/loose/zero_motion_same_mask,1505,1747506,24000,49.19172698631827,49.191726910220204,50.013569921818615,0.8218429355003423,true
anchor1498/loose/zero_motion_same_mask,1506,1748507,24000,49.013076439849414,49.01307633134792,49.656692369866704,0.6436159300172903,true
anchor1498/loose/zero_motion_same_mask,1507,1749508,24000,48.825630484676225,48.8256304055805,49.261183069331004,0.4355525846547792,true
anchor1498/loose/zero_motion_same_mask,1508,1750509,24000,48.89204856562418,48.89204849062966,49.44456190289098,0.5525133372668023,true
anchor1498/loose/zero_motion_same_mask,1509,1751510,24000,48.95535953000972,48.95535946573629,49.61516472542291,0.6598051954131847,true
anchor1498/loose/zero_motion_same_mask,1510,1752511,24000,49.00522385736669,49.00522379911714,49.04739722909718,0.04217337173049174,true
anchor1498/loose/zero_motion_same_mask,1511,1753512,24000,49.014838236458395,49.01483817056304,49.23409146550505,0.21925322904665734,true
anchor1498/loose/zero_motion_same_mask,1512,1754513,24000,48.959767870979796,48.95976778399865,49.04617555092238,0.0864076799425817,true
anchor1498/loose/zero_motion_same_mask,1513,1755514,24000,48.856480202269495,48.85648010488162,48.78592400012112,-0.07055620214837433,true
anchor1498/loose/zero_motion_same_mask,1514,1756515,24000,48.95959283126644,48.95959275080581,48.753947214325684,-0.20564561694075678,true
anchor1498/loose/zero_motion_same_mask,1515,1757516,24000,48.96198394705741,48.961983875695125,49.23950149659297,0.27751754953555974,true
anchor1498/loose/zero_motion_same_mask,1516,1758517,24000,48.935412638943006,48.93541255260272,49.51330510722597,0.5778924682829611,true
anchor1498/loose/zero_motion_same_mask,1517,1759518,24000,48.94427191392412,48.9442718338112,49.30169529881943,0.3574233848953128,true
anchor1498/loose/zero_motion_same_mask,1518,1760519,24000,49.032251766961494,49.03225169817887,49.79104368193328,0.7587919149717877,true
anchor1498/loose/zero_motion_same_mask,1519,1761520,24000,49.08339572527996,49.08339564856099,49.87071301449518,0.7873172892152169,true
anchor1498/loose/zero_motion_same_mask,1520,1762521,24000,49.0794391549146,49.07943907544007,50.008996216029665,0.9295570611150623,true
anchor1498/loose/zero_motion_same_mask,1521,1763522,24000,49.090715409487025,49.0907153332347,49.90514368702463,0.8144282775376084,true
anchor1498/loose/zero_motion_same_mask,1522,1764523,24000,49.09216650434722,49.092166427690074,49.915605383435526,0.8234388790883074,true
anchor1498/loose/zero_motion_same_mask,1523,1765524,24000,49.107027991513796,49.10702791397267,50.08892975386464,0.9819017623508444,true
anchor1498/loose/zero_motion_same_mask,1524,1766525,24000,49.070322426010264,49.07032234167326,49.54460865532945,0.4742862293191834,true
anchor1498/loose/zero_motion_same_mask,1525,1767526,24000,49.2317229166572,49.23172284146451,49.95850860807586,0.7267856914186623,true
anchor1498/loose/zero_motion_same_mask,1526,1768527,24000,49.24264421873662,49.242644145982716,49.72701800144572,0.48437378270909903,true
anchor1498/loose/zero_motion_same_mask,1527,1769528,24000,49.201999346150984,49.20199924367826,48.742402028459125,-0.4595973176918591,true
anchor1512/strict,1498,1740499,24000,48.98769182095163,48.98769164710598,50.1318010299783,1.1441092090266665,false
anchor1512/strict,1499,1741500,24000,49.108230091163456,49.10822987963052,49.642126691019726,0.5338965998562699,false
anchor1512/strict,1500,1742501,24000,49.1838799158838,49.183879807168196,49.3374925077973,0.1536125919135003,false
anchor1512/strict,1501,1743502,24000,49.18243925865304,49.182439146200366,49.35639685385003,0.17395759519698828,false
anchor1512/strict,1502,1744503,24000,49.07228692301859,49.07228688042043,49.79401669738033,0.7217297743617408,false
anchor1512/strict,1503,1745504,24000,48.910570584874556,48.91057054538721,48.98373318075744,0.07316259588288432,false
anchor1512/strict,1504,1746505,24000,49.01694279052497,49.0169427114267,49.52874506408791,0.5118022735629353,false
anchor1512/strict,1505,1747506,24000,49.10863727206866,49.10863717410367,49.94680600356753,0.8381687314988682,false
anchor1512/strict,1506,1748507,24000,48.9926900088513,48.99268993673169,49.65227338676272,0.6595833779114244,false
anchor1512/strict,1507,1749508,24000,48.86674659037173,48.86674651633575,49.33256193363184,0.465815343260104,false
anchor1512/strict,1508,1750509,24000,48.9093691579145,48.90936908307672,49.47215599423411,0.56278683631961,false
anchor1512/strict,1509,1751510,24000,48.96777451805019,48.96777444979911,49.64611873509311,0.6783442170429197,false
anchor1512/strict,1510,1752511,24000,49.00477826778304,49.00477821772478,49.05095744034428,0.0461791725612386,false
anchor1512/strict,1511,1753512,24000,49.02001797374877,49.020017912634245,49.241304991852715,0.22128701810394347,false
anchor1512/strict,1512,1754513,24000,48.97310775545559,48.97310773908351,49.044336631710834,0.07122887625524754,false
anchor1512/strict,1513,1755514,24000,48.876489746538844,48.87648964611782,48.832421148118904,-0.044068598419940486,false
anchor1512/strict,1514,1756515,24000,48.991799553858854,48.9917994750849,48.79392225860722,-0.19787729525163655,false
anchor1512/strict,1515,1757516,24000,48.98546199192533,48.98546190524505,49.267500818218245,0.28203882629291854,false
anchor1512/strict,1516,1758517,24000,48.933289547716434,48.93328948177673,49.53477056105224,0.6014810133358068,false
anchor1512/strict,1517,1759518,24000,48.94508654161977,48.94508648548932,49.33456686183157,0.38948032021179557,false
anchor1512/strict,1518,1760519,24000,49.03714043296373,49.037140343633745,49.820915938684806,0.7837755057210742,false
anchor1512/strict,1519,1761520,24000,49.073598312253,49.07359820989724,49.88211668359024,0.808518371337243,false
anchor1512/strict,1520,1762521,24000,49.06702838872009,49.06702830348352,50.006257199249504,0.9392288105294142,false
anchor1512/strict,1521,1763522,24000,49.02991081821732,49.02991073341852,49.86782695279484,0.8379161345775259,false
anchor1512/strict,1522,1764523,24000,49.030343366254854,49.03034328136389,49.879513501962755,0.8491701357079009,false
anchor1512/strict,1523,1765524,24000,49.054229859816814,49.0542297622798,50.05821102508975,1.0039811652729327,false
anchor1512/strict,1524,1766525,24000,49.03847798784138,49.03847788581012,49.52865151254641,0.4901735247050283,false
anchor1512/strict,1525,1767526,24000,49.10906661550759,49.10906652699265,49.9105774690545,0.8015108535469153,false
anchor1512/strict,1526,1768527,24000,49.10921026909497,49.10921019120019,49.683041993795435,0.5738317247004616,false
anchor1512/strict,1527,1769528,24000,49.09193540021727,49.091935333652366,48.70584972750326,-0.3860856727140103,false
anchor1512/strict/zero_motion_same_mask,1498,1740499,24000,48.996061472207224,48.99606129202861,50.14299313138185,1.1469316591746264,false
anchor1512/strict/zero_motion_same_mask,1499,1741500,24000,49.12828258372455,49.12828237904406,49.66195497878595,0.5336723950614015,false
anchor1512/strict/zero_motion_same_mask,1500,1742501,24000,49.21039082909632,49.21039071183741,49.345696360243956,0.13530553114763677,false
anchor1512/strict/zero_motion_same_mask,1501,1743502,24000,49.20232464496033,49.20232452657022,49.36332074568823,0.16099610072789972,false
anchor1512/strict/zero_motion_same_mask,1502,1744503,24000,49.07540902861731,49.07540898532583,49.79792552562706,0.7225164970097495,false
anchor1512/strict/zero_motion_same_mask,1503,1745504,24000,48.91375442485719,48.91375439114208,48.980028408012465,0.066273983155277,false
anchor1512/strict/zero_motion_same_mask,1504,1746505,24000,49.02215811306773,49.02215804300732,49.53615259093872,0.5139944778709875,false
anchor1512/strict/zero_motion_same_mask,1505,1747506,24000,49.11994419803316,49.11994410007832,49.96150676112421,0.8415625630910526,false
anchor1512/strict/zero_motion_same_mask,1506,1748507,24000,48.997012181967115,48.99701211155598,49.65636075171691,0.6593485697497954,false
anchor1512/strict/zero_motion_same_mask,1507,1749508,24000,48.83624517919582,48.8362451101371,49.30644852140995,0.47020334221412696,false
anchor1512/strict/zero_motion_same_mask,1508,1750509,24000,48.88173299624191,48.88173294779041,49.44593741732106,0.5642044210791539,false
anchor1512/strict/zero_motion_same_mask,1509,1751510,24000,48.92398086777035,48.9239808331933,49.60634838390085,0.6823675161305047,false
anchor1512/strict/zero_motion_same_mask,1510,1752511,24000,48.98873897984,48.98873894484064,49.03412155484686,0.045382575006861714,false
anchor1512/strict/zero_motion_same_mask,1511,1753512,24000,49.005963534497766,49.005963490168064,49.225818523263705,0.21985498876593823,false
anchor1512/strict/zero_motion_same_mask,1512,1754513,24000,48.97310775545559,48.97310773908351,49.044336631710834,0.07122887625524754,false
anchor1512/strict/zero_motion_same_mask,1513,1755514,24000,48.84630556195121,48.8463054703707,48.80723904573813,-0.03906651621308299,false
anchor1512/strict/zero_motion_same_mask,1514,1756515,24000,48.970476310965395,48.97047625039421,48.772444668692536,-0.1980316422728592,false
anchor1512/strict/zero_motion_same_mask,1515,1757516,24000,48.96057898408059,48.960578907111795,49.2398642346622,0.2792852505816086,false
anchor1512/strict/zero_motion_same_mask,1516,1758517,24000,48.9073527359454,48.90735267208995,49.512692581246895,0.6053398453014935,false
anchor1512/strict/zero_motion_same_mask,1517,1759518,24000,48.91432221201476,48.91432216007969,49.30984669756543,0.39552448555067343,false
anchor1512/strict/zero_motion_same_mask,1518,1760519,24000,49.03447478358915,49.03447469398908,49.816579918548435,0.7821051349592878,false
anchor1512/strict/zero_motion_same_mask,1519,1761520,24000,49.07907909888733,49.079078998144716,49.88763168320351,0.8085525843161818,false
anchor1512/strict/zero_motion_same_mask,1520,1762521,24000,49.07412411186594,49.074124029381096,50.01457667755818,0.9404525656922402,false
anchor1512/strict/zero_motion_same_mask,1521,1763522,24000,49.05354008771509,49.053540022743825,49.901900663441715,0.8483605757266233,false
anchor1512/strict/zero_motion_same_mask,1522,1764523,24000,49.0543892057177,49.05438914236388,49.91064533577308,0.8562561300553853,false
anchor1512/strict/zero_motion_same_mask,1523,1765524,24000,49.072060526475184,49.07206044887503,50.08381825625638,1.0117577297811948,false
anchor1512/strict/zero_motion_same_mask,1524,1766525,24000,49.04316188698858,49.043161789061806,49.539071298818634,0.49590941183005555,false
anchor1512/strict/zero_motion_same_mask,1525,1767526,24000,49.1370165256315,49.13701643977694,49.94092744615622,0.8039109205247215,false
anchor1512/strict/zero_motion_same_mask,1526,1768527,24000,49.138323547502516,49.13832347196602,49.71370186600042,0.5753783184979042,false
anchor1512/strict/zero_motion_same_mask,1527,1769528,24000,49.115585587845324,49.11558552255843,48.72272708397687,-0.3928585038684531,false
anchor1512/primary,1498,1740499,24000,49.05318028246198,49.05318013080489,50.210578794385974,1.1573985119239936,true
anchor1512/primary,1499,1741500,24000,49.27035483052596,49.270354671701256,49.74027453981354,0.46991970928758064,true
anchor1512/primary,1500,1742501,24000,49.43338255026278,49.43338242569167,49.488602204029384,0.055219653766606314,true
anchor1512/primary,1501,1743502,24000,49.41984920915821,49.41984908157503,49.509340805462394,0.08949159630418535,true
anchor1512/primary,1502,1744503,24000,49.159376963801286,49.159376897724954,49.89956656766856,0.7401896038672717,true
anchor1512/primary,1503,1745504,24000,48.96889851670629,48.96889845222795,48.99713405328677,0.028235536580481835,true
anchor1512/primary,1504,1746505,24000,49.08209858942092,49.08209850724732,49.598608150006086,0.5165095605851633,true
anchor1512/primary,1505,1747506,24000,49.21970475437635,49.219704676803346,50.043172014403645,0.823467260027293,true
anchor1512/primary,1506,1748507,24000,49.05241684878689,49.05241673640669,49.69700985022956,0.6445930014426722,true
anchor1512/primary,1507,1749508,24000,48.89103413247524,48.89103405077828,49.32650279078651,0.43546865831127235,true
anchor1512/primary,1508,1750509,24000,48.95874355718916,48.95874348139328,49.50761452586579,0.5488709686766313,true
anchor1512/primary,1509,1751510,24000,49.0283260501184,49.028325981529484,49.68784430033084,0.6595182502124359,true
anchor1512/primary,1510,1752511,24000,49.06243602108208,49.062435956779375,49.10411468224741,0.04167866116533503,true
anchor1512/primary,1511,1753512,24000,49.071410488008105,49.071410415957544,49.29187638086134,0.22046589285323392,true
anchor1512/primary,1512,1754513,24000,49.00873644690988,49.00873635874619,49.093448542029265,0.08471209511938582,true
anchor1512/primary,1513,1755514,24000,48.924668276107084,48.92466817644911,48.852849978532774,-0.07181829757431046,true
anchor1512/primary,1514,1756515,24000,49.02362415144356,49.02362406887415,48.81764515297242,-0.20597899847114576,true
anchor1512/primary,1515,1757516,24000,49.026889409551984,49.026889336755104,49.30919769619903,0.2823082866470443,true
anchor1512/primary,1516,1758517,24000,48.995740998572714,48.99574090884079,49.57916756499151,0.5834265664187939,true
anchor1512/primary,1517,1759518,24000,49.00735993830418,49.00735985507151,49.37036914041774,0.3630092021135667,true
anchor1512/primary,1518,1760519,24000,49.07918089447863,49.079180821718545,49.84019712053182,0.7610162260531865,true
anchor1512/primary,1519,1761520,24000,49.12135800837735,49.12135792738761,49.912690322421874,0.7913323140445243,true
anchor1512/primary,1520,1762521,24000,49.11488353677344,49.11488345400476,50.04892044698287,0.9340369102094286,true
anchor1512/primary,1521,1763522,24000,49.10466402710457,49.10466394799265,49.9268889650226,0.8222249379180298,true
anchor1512/primary,1522,1764523,24000,49.10655089610476,49.1065508166005,49.93945294658435,0.8329020504795963,true
anchor1512/primary,1523,1765524,24000,49.12642678559863,49.12642670538691,50.116115534574064,0.989688748975432,true
anchor1512/primary,1524,1766525,24000,49.10254658215438,49.10254649660078,49.584865139151695,0.4823185569973134,true
anchor1512/primary,1525,1767526,24000,49.246169181062456,49.24616910326739,49.97775532053652,0.7315861394740608,true
anchor1512/primary,1526,1768527,24000,49.25321503056211,49.253214955346444,49.742136817950545,0.48892178738843484,true
anchor1512/primary,1527,1769528,24000,49.21247266857146,49.21247256556733,48.75916459682813,-0.4533080717433293,true
anchor1512/primary/zero_motion_same_mask,1498,1740499,24000,49.060642498134655,49.06064234652761,50.21954892356306,1.1589064254284054,true
anchor1512/primary/zero_motion_same_mask,1499,1741500,24000,49.28258774698847,49.28258758795103,49.75090561226845,0.4683178652799782,true
anchor1512/primary/zero_motion_same_mask,1500,1742501,24000,49.43789847069831,49.437898345733224,49.489192529098595,0.05129405840028767,true
anchor1512/primary/zero_motion_same_mask,1501,1743502,24000,49.423262469358804,49.4232623409189,49.50997483023049,0.08671236087168666,true
anchor1512/primary/zero_motion_same_mask,1502,1744503,24000,49.16215927667097,49.16215921063849,49.90239918575155,0.7402399090805787,true
anchor1512/primary/zero_motion_same_mask,1503,1745504,24000,48.963749453131214,48.963749387964924,48.98947572432586,0.025726271194642436,true
anchor1512/primary/zero_motion_same_mask,1504,1746505,24000,49.08805434123579,49.08805425889351,49.603906446487315,0.5158521052515255,true
anchor1512/primary/zero_motion_same_mask,1505,1747506,24000,49.232580439181355,49.232580361250314,50.05612791634923,0.8235474771678781,true
anchor1512/primary/zero_motion_same_mask,1506,1748507,24000,49.05575092638311,49.05575081385188,49.70026288794839,0.6445119615652786,true
anchor1512/primary/zero_motion_same_mask,1507,1749508,24000,48.868291389340264,48.86829130887711,49.30435599364668,0.43606460430641647,true
anchor1512/primary/zero_motion_same_mask,1508,1750509,24000,48.939273645229854,48.939273569806744,49.48925030439092,0.549976659161068,true
anchor1512/primary/zero_motion_same_mask,1509,1751510,24000,49.0017693678631,49.001769298537795,49.66155669607877,0.6597873282156712,true
anchor1512/primary/zero_motion_same_mask,1510,1752511,24000,49.051091460933094,49.05109139705889,49.0927165903761,0.04162512944300545,true
anchor1512/primary/zero_motion_same_mask,1511,1753512,24000,49.060885545808,49.0608854740814,49.2806229422976,0.21973739648959878,true
anchor1512/primary/zero_motion_same_mask,1512,1754513,24000,49.00873644690988,49.00873635874619,49.093448542029265,0.08471209511938582,true
anchor1512/primary/zero_motion_same_mask,1513,1755514,24000,48.902880918579505,48.902880819743444,48.83149548824404,-0.07138543033546796,true
anchor1512/primary/zero_motion_same_mask,1514,1756515,24000,49.00845833451794,49.00845825300477,48.80169761047111,-0.20676072404683055,true
anchor1512/primary/zero_motion_same_mask,1515,1757516,24000,49.00825012368115,49.00825005090588,49.288963953806054,0.2807138301249026,true
anchor1512/primary/zero_motion_same_mask,1516,1758517,24000,48.981408371699466,48.981408282914245,49.5629310345548,0.5815226628553347,true
anchor1512/primary/zero_motion_same_mask,1517,1759518,24000,48.98975377617623,48.98975369402435,49.351014476839914,0.361260700663685,true
anchor1512/primary/zero_motion_same_mask,1518,1760519,24000,49.07514590779985,49.07514583519302,49.83586289452344,0.7607169867235868,true
anchor1512/primary/zero_motion_same_mask,1519,1761520,24000,49.1248459921577,49.12484591146707,49.91578000075922,0.7909340086015177,true
anchor1512/primary/zero_motion_same_mask,1520,1762521,24000,49.120933382855775,49.12093329959573,50.05436205776911,0.9334286749133369,true
anchor1512/primary/zero_motion_same_mask,1521,1763522,24000,49.131304300738435,49.13130422089063,49.94884603111737,0.8175417303789345,true
anchor1512/primary/zero_motion_same_mask,1522,1764523,24000,49.132847037946455,49.132846957562016,49.959001322781226,0.8261542848347716,true
anchor1512/primary/zero_motion_same_mask,1523,1765524,24000,49.1475570826897,49.147557001611084,50.1330578575307,0.9855007748410003,true
anchor1512/primary/zero_motion_same_mask,1524,1766525,24000,49.11089321873107,49.11089313259029,49.5881605406245,0.4772673218934287,true
anchor1512/primary/zero_motion_same_mask,1525,1767526,24000,49.2721461102859,49.272146031850575,50.00259705092714,0.7304509406412407,true
anchor1512/primary/zero_motion_same_mask,1526,1768527,24000,49.28306276757957,49.28306269175144,49.769968751142294,0.4869059835627212,true
anchor1512/primary/zero_motion_same_mask,1527,1769528,24000,49.24294296749926,49.242942861757335,48.78004480488383,-0.4628981626154314,true
anchor1512/loose,1498,1740499,24000,49.01140271725198,49.01140256806035,50.163456301923894,1.1520535846719113,true
anchor1512/loose,1499,1741500,24000,49.2295554268761,49.22955527151489,49.699195984239516,0.4696405573634195,true
anchor1512/loose,1500,1742501,24000,49.39710560640285,49.39710548635905,49.45061111978346,0.05350551338060683,true
anchor1512/loose,1501,1743502,24000,49.38186320569193,49.3818630812029,49.46962684296813,0.08776363727620407,true
anchor1512/loose,1502,1744503,24000,49.117284268460345,49.11728420411132,49.8547950802084,0.7375108117480522,true
anchor1512/loose,1503,1745504,24000,48.925996362757225,48.92599629709001,48.95406875298111,0.028072390223883303,true
anchor1512/loose,1504,1746505,24000,49.039106786897726,49.03910670407099,49.55427384351694,0.5151670566192124,true
anchor1512/loose,1505,1747506,24000,49.1777521834596,49.177752107405524,49.999046735752174,0.8212945522925708,true
anchor1512/loose,1506,1748507,24000,49.008720091683465,49.00871998319981,49.652077696486515,0.6433576048030503,true
anchor1512/loose,1507,1749508,24000,48.84794235236193,48.847942271891,49.282289610730714,0.4343472583687813,true
anchor1512/loose,1508,1750509,24000,48.91233590353982,48.91233582668705,49.46208310898243,0.549747205442614,true
anchor1512/loose,1509,1751510,24000,48.98326632099701,48.98326625536448,49.640926612092514,0.6576602910955032,true
anchor1512/loose,1510,1752511,24000,49.016627052568936,49.01662699316486,49.057675035188105,0.04104798261916898,true
anchor1512/loose,1511,1753512,24000,49.02551025763124,49.025510190683775,49.244295147488884,0.21878488985764477,true
anchor1512/loose,1512,1754513,24000,48.95879342909391,48.95879334189639,49.044889678289195,0.08609624919528613,true
anchor1512/loose,1513,1755514,24000,48.87808138820444,48.878081290496716,48.80643390677087,-0.07164748143357258,true
anchor1512/loose,1514,1756515,24000,48.975547212177275,48.97554713006319,48.76924268386685,-0.2063045283104259,true
anchor1512/loose,1515,1757516,24000,48.98144783973077,48.981447767911895,49.25924872755025,0.2778008878194811,true
anchor1512/loose,1516,1758517,24000,48.949595501374176,48.949595414010616,49.52877284148858,0.5791773401144056,true
anchor1512/loose,1517,1759518,24000,48.96188792549012,48.96188784410059,49.32034775970623,0.35845983421611294,true
anchor1512/loose,1518,1760519,24000,49.03536654968415,49.03536648057622,49.794103266064724,0.7587367163805752,true
anchor1512/loose,1519,1761520,24000,49.07885253764473,49.078852460569095,49.86623446594057,0.7873819282958436,true
anchor1512/loose,1520,1762521,24000,49.072326110316986,49.07232603111681,50.00212846667738,0.9298023563603905,true
anchor1512/loose,1521,1763522,24000,49.0629871064222,49.062987030424814,49.881550717630255,0.8185636112080559,true
anchor1512/loose,1522,1764523,24000,49.06476843054397,49.06476835416775,49.89432558373816,0.8295571531941874,true
anchor1512/loose,1523,1765524,24000,49.08494718088785,49.08494710356676,50.07039706875178,0.9854498878639291,true
anchor1512/loose,1524,1766525,24000,49.06113349035243,49.061133406894555,49.53966465712933,0.47853116677689655,true
anchor1512/loose,1525,1767526,24000,49.20472177755869,49.20472170263443,49.93174435375227,0.7270225761935833,true
anchor1512/loose,1526,1768527,24000,49.211763253680665,49.21176318109585,49.697062811144946,0.48529955746428044,true
anchor1512/loose,1527,1769528,24000,49.170606841755436,49.17060674091945,48.718956599275025,-0.45165024248041163,true
anchor1512/loose/zero_motion_same_mask,1498,1740499,24000,49.018791837855076,49.01879168847417,50.17254475038226,1.1537529125271817,true
anchor1512/loose/zero_motion_same_mask,1499,1741500,24000,49.24194131508043,49.2419411594092,49.71002743179651,0.4680861167160799,true
anchor1512/loose/zero_motion_same_mask,1500,1742501,24000,49.4009537258888,49.40095360517866,49.451178873426905,0.05022514753810725,true
anchor1512/loose/zero_motion_same_mask,1501,1743502,24000,49.384848663910134,49.384848538871736,49.470244166414446,0.08539550250431205,true
anchor1512/loose/zero_motion_same_mask,1502,1744503,24000,49.12005776654311,49.1200577021859,49.857644574623876,0.7375868080807635,true
anchor1512/loose/zero_motion_same_mask,1503,1745504,24000,48.92073559526675,48.920735529256405,48.94643846394205,0.025702868675303137,true
anchor1512/loose/zero_motion_same_mask,1504,1746505,24000,49.04479552788773,49.044795444880336,49.559609319292385,0.5148137914046558,true
anchor1512/loose/zero_motion_same_mask,1505,1747506,24000,49.19067136219101,49.190671285881294,50.012180587958014,0.8215092257670022,true
anchor1512/loose/zero_motion_same_mask,1506,1748507,24000,49.01205625368047,49.01205614512637,49.65535290007643,0.6432966463959602,true
anchor1512/loose/zero_motion_same_mask,1507,1749508,24000,48.8245157371952,48.82451565782707,49.2597196187349,0.43520388153969947,true
anchor1512/loose/zero_motion_same_mask,1508,1750509,24000,48.891044541790905,48.89104446658524,49.443167855828726,0.5521233140378214,true
anchor1512/loose/zero_motion_same_mask,1509,1751510,24000,48.95438316242024,48.95438309794032,49.61379311804984,0.6594099556295987,true
anchor1512/loose/zero_motion_same_mask,1510,1752511,24000,49.00426927210206,49.004269213648676,49.046022127208694,0.041752855106636844,true
anchor1512/loose/zero_motion_same_mask,1511,1753512,24000,49.01388785106049,49.013887784957944,49.232796711032385,0.21890885997189713,true
anchor1512/loose/zero_motion_same_mask,1512,1754513,24000,48.95879342909391,48.95879334189639,49.044889678289195,0.08609624919528613,true
anchor1512/loose/zero_motion_same_mask,1513,1755514,24000,48.85546249263935,48.855462395268404,48.78463031424355,-0.07083217839579703,true
anchor1512/loose/zero_motion_same_mask,1514,1756515,24000,48.95861831291764,48.958618232243474,48.75277022757908,-0.20584808533856602,true
anchor1512/loose/zero_motion_same_mask,1515,1757516,24000,48.96101047322408,48.96101040165223,49.23840880938787,0.2773983361637917,true
anchor1512/loose/zero_motion_same_mask,1516,1758517,24000,48.93444172343545,48.9344416368196,49.51224180494531,0.5778000815098636,true
anchor1512/loose/zero_motion_same_mask,1517,1759518,24000,48.94330486842977,48.94330478804401,49.300588807288825,0.3572839388590552,true
anchor1512/loose/zero_motion_same_mask,1518,1760519,24000,49.03120904505832,49.03120897600779,49.789717480632945,0.7585084355746261,true
anchor1512/loose/zero_motion_same_mask,1519,1761520,24000,49.08235374486564,49.08235366781064,49.86934294555936,0.7869892006937178,true
anchor1512/loose/zero_motion_same_mask,1520,1762521,24000,49.07840237446485,49.078402294712554,50.00762340768408,0.9292210332192283,true
anchor1512/loose/zero_motion_same_mask,1521,1763522,24000,49.08965855115861,49.08965847457564,49.9036393240878,0.8139807729291917,true
anchor1512/loose/zero_motion_same_mask,1522,1764523,24000,49.09111027990321,49.09111020291527,49.91400061835333,0.8228903384501152,true
anchor1512/loose/zero_motion_same_mask,1523,1765524,24000,49.10598894430639,49.10598886649355,50.08735862159025,0.9813696772838583,true
anchor1512/loose/zero_motion_same_mask,1524,1766525,24000,49.06924597414805,49.06924588953637,49.542987289964685,0.4737413158166319,true
anchor1512/loose/zero_motion_same_mask,1525,1767526,24000,49.23072068929727,49.230720613952805,49.9568630546046,0.7261423653073251,true
anchor1512/loose/zero_motion_same_mask,1526,1768527,24000,49.24164676214897,49.24164668924435,49.72521288789295,0.48356612574398383,true
anchor1512/loose/zero_motion_same_mask,1527,1769528,24000,49.200960273129844,49.200960170431756,48.74025291802528,-0.4607073551045673,true
