sourceFrameIndex,ptsValue,ptsTimescale,durationValue,durationTimescale,phase,residual,controlHistoryReset,flashHistoryReset,publicMotionRequested,componentCount,sumNits,sumAbsoluteNits,sumSquaredNits2,signedMeanNits,meanAbsoluteNits,rmsNits,maximumAbsoluteNits,signedValueAtMaximumNits,maximumSourceFrameIndex,maximumX,maximumY,maximumChannel
0,0,30,1,30,prefix,controlEnhancedMinusOriginal,True,True,automatic,691200,-2488808.631024592,3195703.751518302,1191537850.2248812,-3.60070693145919,4.623413992358655,41.51949442816855,1701.8648681640625,-1701.8648681640625,0,447,226,B
0,0,30,1,30,prefix,flashEnhancedMinusOriginal,True,True,automatic,691200,-2488808.631024592,3195703.751518302,1191537850.2248812,-3.60070693145919,4.623413992358655,41.51949442816855,1701.8648681640625,-1701.8648681640625,0,447,226,B
0,0,30,1,30,prefix,pairedResidualDifference,True,True,automatic,691200,0.0,0.0,0.0,0.0,0.0,0.0,0.0,0.0,0,0,0,R
1,1,30,1,30,prefix,controlEnhancedMinusOriginal,False,False,automatic,691200,-2348316.9005745943,2962883.127942353,942057325.7741554,-3.3974492195812998,4.286578599453636,36.9178839970112,1662.5518188476562,-1662.5518188476562,1,447,226,B
1,1,30,1,30,prefix,flashEnhancedMinusOriginal,False,False,automatic,691200,-2348316.9005745943,2962883.127942353,942057325.7741554,-3.3974492195812998,4.286578599453636,36.9178839970112,1662.5518188476562,-1662.5518188476562,1,447,226,B
1,1,30,1,30,prefix,pairedResidualDifference,False,False,automatic,691200,0.0,0.0,0.0,0.0,0.0,0.0,0.0,0.0,1,0,0,R
2,2,30,1,30,prefix,controlEnhancedMinusOriginal,False,False,automatic,691200,-2413160.7163403435,2985209.390013437,954034709.9948925,-3.491262610446099,4.318879325829625,37.15183104962436,1663.58251953125,-1663.58251953125,2,447,226,B
2,2,30,1,30,prefix,flashEnhancedMinusOriginal,False,False,automatic,691200,-2413160.7163403435,2985209.390013437,954034709.9948925,-3.491262610446099,4.318879325829625,37.15183104962436,1663.58251953125,-1663.58251953125,2,447,226,B
2,2,30,1,30,prefix,pairedResidualDifference,False,False,automatic,691200,0.0,0.0,0.0,0.0,0.0,0.0,0.0,0.0,2,0,0,R
3,3,30,1,30,prefix,controlEnhancedMinusOriginal,False,False,automatic,691200,-2384145.6686489442,3019271.5904325703,969794305.6161026,-3.449284821540718,4.3681591296767515,37.45742771770374,1664.0241088867188,-1664.0241088867188,3,447,226,B
3,3,30,1,30,prefix,flashEnhancedMinusOriginal,False,False,automatic,691200,-2384145.6686489442,3019271.5904325703,969794305.6161026,-3.449284821540718,4.3681591296767515,37.45742771770374,1664.0241088867188,-1664.0241088867188,3,447,226,B
3,3,30,1,30,prefix,pairedResidualDifference,False,False,automatic,691200,0.0,0.0,0.0,0.0,0.0,0.0,0.0,0.0,3,0,0,R
4,4,30,1,30,prefix,controlEnhancedMinusOriginal,False,False,automatic,691200,-2587007.6190184355,3193252.637320757,1135150877.1659741,-3.7427772265891717,4.619867820197855,40.52517787988281,1681.40380859375,-1681.40380859375,4,481,206,B
4,4,30,1,30,prefix,flashEnhancedMinusOriginal,False,False,automatic,691200,-2587007.6190184355,3193252.637320757,1135150877.1659741,-3.7427772265891717,4.619867820197855,40.52517787988281,1681.40380859375,-1681.40380859375,4,481,206,B
4,4,30,1,30,prefix,pairedResidualDifference,False,False,automatic,691200,0.0,0.0,0.0,0.0,0.0,0.0,0.0,0.0,4,0,0,R
5,5,30,1,30,prefix,controlEnhancedMinusOriginal,False,False,automatic,691200,-2540946.103098507,3135343.8632127,1066271132.7912709,-3.6761373019364973,4.5360877650646705,39.27642593524302,1678.8146362304688,-1678.8146362304688,5,447,226,B
5,5,30,1,30,prefix,flashEnhancedMinusOriginal,False,False,automatic,691200,-2540946.103098507,3135343.8632127,1066271132.7912709,-3.6761373019364973,4.5360877650646705,39.27642593524302,1678.8146362304688,-1678.8146362304688,5,447,226,B
5,5,30,1,30,prefix,pairedResidualDifference,False,False,automatic,691200,0.0,0.0,0.0,0.0,0.0,0.0,0.0,0.0,5,0,0,R
6,6,30,1,30,prefix,controlEnhancedMinusOriginal,False,False,automatic,691200,-2374630.401294471,2963088.8285052194,909054265.07045,-3.4355185203913066,4.286876198647597,36.26544740051878,1661.447265625,-1661.447265625,6,447,226,B
6,6,30,1,30,prefix,flashEnhancedMinusOriginal,False,False,automatic,691200,-2374630.401294471,2963088.8285052194,909054265.07045,-3.4355185203913066,4.286876198647597,36.26544740051878,1661.447265625,-1661.447265625,6,447,226,B
6,6,30,1,30,prefix,pairedResidualDifference,False,False,automatic,691200,0.0,0.0,0.0,0.0,0.0,0.0,0.0,0.0,6,0,0,R
7,7,30,1,30,prefix,controlEnhancedMinusOriginal,False,False,automatic,691200,-2633101.8797426247,3250789.741598072,1206362731.5621805,-3.8094645250906027,4.703110158562025,41.77698471542527,1697.6221923828125,-1697.6221923828125,7,447,226,B
7,7,30,1,30,prefix,flashEnhancedMinusOriginal,False,False,automatic,691200,-2633101.8797426247,3250789.741598072,1206362731.5621805,-3.8094645250906027,4.703110158562025,41.77698471542527,1697.6221923828125,-1697.6221923828125,7,447,226,B
7,7,30,1,30,prefix,pairedResidualDifference,False,False,automatic,691200,0.0,0.0,0.0,0.0,0.0,0.0,0.0,0.0,7,0,0,R
8,8,30,1,30,prefix,controlEnhancedMinusOriginal,False,False,automatic,691200,-2666866.6717430796,3265759.9388441886,1176247266.21328,-3.858314050554224,4.724768430040782,41.252231740506524,1680.4463500976562,-1680.4463500976562,8,447,226,B
8,8,30,1,30,prefix,flashEnhancedMinusOriginal,False,False,automatic,691200,-2666866.6717430796,3265759.9388441886,1176247266.21328,-3.858314050554224,4.724768430040782,41.252231740506524,1680.4463500976562,-1680.4463500976562,8,447,226,B
8,8,30,1,30,prefix,pairedResidualDifference,False,False,automatic,691200,0.0,0.0,0.0,0.0,0.0,0.0,0.0,0.0,8,0,0,R
9,9,30,1,30,prefix,controlEnhancedMinusOriginal,False,False,automatic,691200,-2717538.675023268,3314373.1558857663,1268780630.11992,-3.931624240485052,4.795100051918064,42.844137575574926,1712.7222290039062,-1712.7222290039062,9,447,226,B
9,9,30,1,30,prefix,flashEnhancedMinusOriginal,False,False,automatic,691200,-2717538.675023268,3314373.1558857663,1268780630.11992,-3.931624240485052,4.795100051918064,42.844137575574926,1712.7222290039062,-1712.7222290039062,9,447,226,B
9,9,30,1,30,prefix,pairedResidualDifference,False,False,automatic,691200,0.0,0.0,0.0,0.0,0.0,0.0,0.0,0.0,9,0,0,R
10,10,30,1,30,prefix,controlEnhancedMinusOriginal,False,False,automatic,691200,-2762232.6797275906,3379377.788926876,1341696755.6693661,-3.9962857056244077,4.889146106665041,44.058054931905055,1700.5391235351562,-1700.5391235351562,10,447,226,B
10,10,30,1,30,prefix,flashEnhancedMinusOriginal,False,False,automatic,691200,-2762232.6797275906,3379377.788926876,1341696755.6693661,-3.9962857056244077,4.889146106665041,44.058054931905055,1700.5391235351562,-1700.5391235351562,10,447,226,B
10,10,30,1,30,prefix,pairedResidualDifference,False,False,automatic,691200,0.0,0.0,0.0,0.0,0.0,0.0,0.0,0.0,10,0,0,R
11,11,30,1,30,prefix,controlEnhancedMinusOriginal,False,False,automatic,691200,-2433028.374949119,3035114.834712169,972802968.4314166,-3.520006329498147,4.391080490034967,37.51548616255752,1684.5014038085938,-1684.5014038085938,11,447,226,B
11,11,30,1,30,prefix,flashEnhancedMinusOriginal,False,False,automatic,691200,-2433028.374949119,3035114.834712169,972802968.4314166,-3.520006329498147,4.391080490034967,37.51548616255752,1684.5014038085938,-1684.5014038085938,11,447,226,B
11,11,30,1,30,prefix,pairedResidualDifference,False,False,automatic,691200,0.0,0.0,0.0,0.0,0.0,0.0,0.0,0.0,11,0,0,R
12,12,30,1,30,prefix,controlEnhancedMinusOriginal,False,False,automatic,691200,-2577780.6330656754,3184912.1856283294,1172697979.078322,-3.729427999226961,4.607801194485431,41.18994609787907,1698.4925537109375,-1698.4925537109375,12,447,226,B
12,12,30,1,30,prefix,flashEnhancedMinusOriginal,False,False,automatic,691200,-2577780.6330656754,3184912.1856283294,1172697979.078322,-3.729427999226961,4.607801194485431,41.18994609787907,1698.4925537109375,-1698.4925537109375,12,447,226,B
12,12,30,1,30,prefix,pairedResidualDifference,False,False,automatic,691200,0.0,0.0,0.0,0.0,0.0,0.0,0.0,0.0,12,0,0,R
13,13,30,1,30,prefix,controlEnhancedMinusOriginal,False,False,automatic,691200,-2495404.509923394,3112610.599148984,1083483477.382161,-3.610249580328984,4.503198204787303,39.592167825935746,1689.526123046875,-1689.526123046875,13,447,226,B
13,13,30,1,30,prefix,flashEnhancedMinusOriginal,False,False,automatic,691200,-2495404.509923394,3112610.599148984,1083483477.382161,-3.610249580328984,4.503198204787303,39.592167825935746,1689.526123046875,-1689.526123046875,13,447,226,B
13,13,30,1,30,prefix,pairedResidualDifference,False,False,automatic,691200,0.0,0.0,0.0,0.0,0.0,0.0,0.0,0.0,13,0,0,R
14,14,30,1,30,prefix,controlEnhancedMinusOriginal,False,False,automatic,691200,-2473416.641703067,3092383.7849682546,1038494662.9831438,-3.5784384283898536,4.473934874086017,38.76147274501044,1678.7305297851562,-1678.7305297851562,14,447,226,B
14,14,30,1,30,prefix,flashEnhancedMinusOriginal,False,False,automatic,691200,-2473416.641703067,3092383.7849682546,1038494662.9831438,-3.5784384283898536,4.473934874086017,38.76147274501044,1678.7305297851562,-1678.7305297851562,14,447,226,B
14,14,30,1,30,prefix,pairedResidualDifference,False,False,automatic,691200,0.0,0.0,0.0,0.0,0.0,0.0,0.0,0.0,14,0,0,R
15,15,30,1,30,prefix,controlEnhancedMinusOriginal,False,False,automatic,691200,-2595356.4055454656,3205637.095210783,1120863654.1710496,-3.7548559108007313,4.637785149321156,40.269341564509524,1706.669921875,-1706.669921875,15,447,226,B
15,15,30,1,30,prefix,flashEnhancedMinusOriginal,False,False,automatic,691200,-2595356.4055454656,3205637.095210783,1120863654.1710496,-3.7548559108007313,4.637785149321156,40.269341564509524,1706.669921875,-1706.669921875,15,447,226,B
15,15,30,1,30,prefix,pairedResidualDifference,False,False,automatic,691200,0.0,0.0,0.0,0.0,0.0,0.0,0.0,0.0,15,0,0,R
16,16,30,1,30,prefix,controlEnhancedMinusOriginal,False,False,automatic,691200,-2551508.9672634206,3120283.497255107,1078711595.6703224,-3.691419223471384,4.514299041167689,39.50488563591052,1669.9317626953125,-1669.9317626953125,16,447,226,B
16,16,30,1,30,prefix,flashEnhancedMinusOriginal,False,False,automatic,691200,-2551508.9672634206,3120283.497255107,1078711595.6703224,-3.691419223471384,4.514299041167689,39.50488563591052,1669.9317626953125,-1669.9317626953125,16,447,226,B
16,16,30,1,30,prefix,pairedResidualDifference,False,False,automatic,691200,0.0,0.0,0.0,0.0,0.0,0.0,0.0,0.0,16,0,0,R
17,17,30,1,30,prefix,controlEnhancedMinusOriginal,False,False,automatic,691200,-2691605.9654544564,3320763.8839161964,1282677569.7978897,-3.8941058527986927,4.804345896869497,43.07813425334553,1712.2186279296875,-1712.2186279296875,17,447,226,B
17,17,30,1,30,prefix,flashEnhancedMinusOriginal,False,False,automatic,691200,-2691605.9654544564,3320763.8839161964,1282677569.7978897,-3.8941058527986927,4.804345896869497,43.07813425334553,1712.2186279296875,-1712.2186279296875,17,447,226,B
17,17,30,1,30,prefix,pairedResidualDifference,False,False,automatic,691200,0.0,0.0,0.0,0.0,0.0,0.0,0.0,0.0,17,0,0,R
18,18,30,1,30,prefix,controlEnhancedMinusOriginal,False,False,automatic,691200,-2680795.683204543,3307896.6411064975,1262565045.6386008,-3.878465976858424,4.785730094193428,42.73906491951754,1703.5408935546875,-1703.5408935546875,18,447,226,B
18,18,30,1,30,prefix,flashEnhancedMinusOriginal,False,False,automatic,691200,-2680795.683204543,3307896.6411064975,1262565045.6386008,-3.878465976858424,4.785730094193428,42.73906491951754,1703.5408935546875,-1703.5408935546875,18,447,226,B
18,18,30,1,30,prefix,pairedResidualDifference,False,False,automatic,691200,0.0,0.0,0.0,0.0,0.0,0.0,0.0,0.0,18,0,0,R
19,19,30,1,30,prefix,controlEnhancedMinusOriginal,False,False,automatic,691200,-2909027.411387952,3480518.23469189,1453210481.9948928,-4.208662342864514,5.035471983061184,45.852434182698765,1734.0707397460938,-1734.0707397460938,19,447,226,B
19,19,30,1,30,prefix,flashEnhancedMinusOriginal,False,False,automatic,691200,-2909027.411387952,3480518.23469189,1453210481.9948928,-4.208662342864514,5.035471983061184,45.852434182698765,1734.0707397460938,-1734.0707397460938,19,447,226,B
19,19,30,1,30,prefix,pairedResidualDifference,False,False,automatic,691200,0.0,0.0,0.0,0.0,0.0,0.0,0.0,0.0,19,0,0,R
20,20,30,1,30,prefix,controlEnhancedMinusOriginal,False,False,automatic,691200,-2550509.390540695,3115178.7226528283,1046278856.7190163,-3.6899730765924406,4.506913661245411,38.906472774146835,1674.8615112304688,-1674.8615112304688,20,447,226,B
20,20,30,1,30,prefix,flashEnhancedMinusOriginal,False,False,automatic,691200,-2550509.390540695,3115178.7226528283,1046278856.7190163,-3.6899730765924406,4.506913661245411,38.906472774146835,1674.8615112304688,-1674.8615112304688,20,447,226,B
20,20,30,1,30,prefix,pairedResidualDifference,False,False,automatic,691200,0.0,0.0,0.0,0.0,0.0,0.0,0.0,0.0,20,0,0,R
21,21,30,1,30,prefix,controlEnhancedMinusOriginal,False,False,automatic,691200,-2526621.789927377,3073385.7468964593,993534690.2940751,-3.6554134692236357,4.446449286597887,37.913131136563145,1661.4204711914062,-1661.4204711914062,21,447,226,B
21,21,30,1,30,prefix,flashEnhancedMinusOriginal,False,False,automatic,691200,-2526621.789927377,3073385.7468964593,993534690.2940751,-3.6554134692236357,4.446449286597887,37.913131136563145,1661.4204711914062,-1661.4204711914062,21,447,226,B
21,21,30,1,30,prefix,pairedResidualDifference,False,False,automatic,691200,0.0,0.0,0.0,0.0,0.0,0.0,0.0,0.0,21,0,0,R
22,22,30,1,30,prefix,controlEnhancedMinusOriginal,False,False,automatic,691200,-2905051.0399570162,3457876.4389060433,1412982645.1074488,-4.202909490678554,5.002714755361753,45.21333569846226,1728.6788330078125,-1728.6788330078125,22,447,226,B
22,22,30,1,30,prefix,flashEnhancedMinusOriginal,False,False,automatic,691200,-2905051.0399570162,3457876.4389060433,1412982645.1074488,-4.202909490678554,5.002714755361753,45.21333569846226,1728.6788330078125,-1728.6788330078125,22,447,226,B
22,22,30,1,30,prefix,pairedResidualDifference,False,False,automatic,691200,0.0,0.0,0.0,0.0,0.0,0.0,0.0,0.0,22,0,0,R
23,23,30,1,30,prefix,controlEnhancedMinusOriginal,False,False,automatic,691200,-2602129.143208018,3162514.6731918366,1066255031.7288866,-3.764654431724563,4.5753973859835595,39.27612939032488,1686.0853271484375,-1686.0853271484375,23,447,226,B
23,23,30,1,30,prefix,flashEnhancedMinusOriginal,False,False,automatic,691200,-2602129.143208018,3162514.6731918366,1066255031.7288866,-3.764654431724563,4.5753973859835595,39.27612939032488,1686.0853271484375,-1686.0853271484375,23,447,226,B
23,23,30,1,30,prefix,pairedResidualDifference,False,False,automatic,691200,0.0,0.0,0.0,0.0,0.0,0.0,0.0,0.0,23,0,0,R
24,24,30,1,30,event,controlEnhancedMinusOriginal,False,False,automatic,691200,-2611954.246192693,3179099.589845597,1096983841.3725436,-3.778868990440817,4.599391767716431,39.83806634066867,1694.0225830078125,-1694.0225830078125,24,447,226,B
24,24,30,1,30,event,flashEnhancedMinusOriginal,False,False,automatic,691200,-3260900.519330751,3929878.653853845,1706392247.7730033,-4.717738019865092,5.685588330228364,49.686404422073174,2380.8580322265625,-2380.8580322265625,24,447,226,B
24,24,30,1,30,event,pairedResidualDifference,False,False,automatic,691200,-648946.2731380584,872158.1852294328,73782938.22609456,-0.9388690294242743,1.261802930019434,10.331802797864285,722.58544921875,-722.58544921875,24,472,198,B
25,25,30,1,30,returnedInput,controlEnhancedMinusOriginal,False,False,automatic,691200,-2887722.3113166397,3445281.1290734117,1422730876.1313856,-4.1778389920668975,4.984492374238154,45.36903204254109,1721.086181640625,-1721.086181640625,25,447,226,B
25,25,30,1,30,returnedInput,flashEnhancedMinusOriginal,False,False,automatic,691200,-3437801.608135426,4073343.2038161396,1845899252.6199315,-4.973671308066299,5.893146996261776,51.67757574990948,1798.1053466796875,-1798.1053466796875,25,447,226,B
25,25,30,1,30,returnedInput,pairedResidualDifference,False,False,automatic,691200,-550079.2968187863,819730.7705781497,35025193.89381208,-0.7958323159994015,1.1859530824336657,7.118498688152123,287.714111328125,-287.714111328125,25,453,231,B
26,26,30,1,30,returnedInput,controlEnhancedMinusOriginal,False,False,automatic,691200,-2880929.958182631,3470877.6934722047,1370842110.6008232,-4.168012092278112,5.021524440787333,44.534015274778966,1698.0962524414062,-1698.0962524414062,26,447,226,B
26,26,30,1,30,returnedInput,flashEnhancedMinusOriginal,False,False,automatic,691200,-2998641.490200852,3519264.9127399074,1301807216.745382,-4.338312341147066,5.09152909829269,43.3981755906502,1725.3060302734375,-1725.3060302734375,26,447,226,B
26,26,30,1,30,returnedInput,pairedResidualDifference,False,False,automatic,691200,-117711.53201822098,381851.86204361264,3121644.447066253,-0.17030024886895398,0.5524477170769859,2.1251512905928256,100.1832275390625,100.1832275390625,26,478,204,B
27,27,30,1,30,returnedInput,controlEnhancedMinusOriginal,False,False,automatic,691200,-2805930.2198912576,3393069.8307604864,1340125833.5526342,-4.059505526463046,4.908955194965982,44.03225474881801,1701.6131591796875,-1701.6131591796875,27,472,198,B
27,27,30,1,30,returnedInput,flashEnhancedMinusOriginal,False,False,automatic,691200,-3043824.693002037,3574463.4523160374,1430059576.9233742,-4.403681558162669,5.171388096522045,45.48573330404018,1710.9232788085938,-1710.9232788085938,27,452,232,B
27,27,30,1,30,returnedInput,pairedResidualDifference,False,False,automatic,691200,-237894.4731107792,318249.3186932774,3026481.255586329,-0.3441760316996227,0.46043014857244996,2.0925080118112116,97.4664306640625,-97.4664306640625,27,482,218,B
28,28,30,1,30,returnedInput,controlEnhancedMinusOriginal,False,False,automatic,691200,-2663639.9877180974,3265672.9980317275,1148765435.7243814,-3.853645815564377,4.7246426476153465,40.76747515914183,1697.337646484375,-1697.337646484375,28,447,226,B
28,28,30,1,30,returnedInput,flashEnhancedMinusOriginal,False,False,automatic,691200,-2840409.1084926394,3386748.2239547637,1244001774.9397922,-4.109388177796064,4.899809351786406,42.42370901311079,1703.7720947265625,-1703.7720947265625,28,447,226,B
28,28,30,1,30,returnedInput,pairedResidualDifference,False,False,automatic,691200,-176769.12077454198,285318.4229842061,3466695.4402607656,-0.2557423622316869,0.41278707028965006,2.239525335250556,151.4527587890625,-151.4527587890625,28,453,231,B
29,29,30,1,30,returnedInput,controlEnhancedMinusOriginal,False,False,automatic,691200,-2578539.7717795307,3152482.6237177188,1075225948.22963,-3.7305262901902934,4.560883425517533,39.441007801487956,1683.9312744140625,-1683.9312744140625,29,447,226,B
29,29,30,1,30,returnedInput,flashEnhancedMinusOriginal,False,False,automatic,691200,-2708018.0527913203,3246321.4095231523,1077907782.9055834,-3.917850192117072,4.69664555775919,39.49016416205777,1695.0510864257812,-1695.0510864257812,29,452,232,B
29,29,30,1,30,returnedInput,pairedResidualDifference,False,False,automatic,691200,-129478.28101178957,230865.0030396809,1416636.0916527351,-0.1873239019267789,0.33400608078657534,1.4316184486794807,103.5657958984375,-103.5657958984375,29,453,231,B
30,30,30,1,30,returnedInput,controlEnhancedMinusOriginal,False,False,automatic,691200,-2570724.248618394,3137343.072838038,1072748726.566876,-3.7192191096909637,4.538980140101328,39.39554737555004,1692.8533325195312,-1692.8533325195312,30,447,226,B
30,30,30,1,30,returnedInput,flashEnhancedMinusOriginal,False,False,automatic,691200,-2849669.616397762,3378212.7874025344,1271090822.9916632,-4.122785903353244,4.887460629922648,42.88312509044392,1715.3956298828125,-1715.3956298828125,30,447,226,B
30,30,30,1,30,returnedInput,pairedResidualDifference,False,False,automatic,691200,-278945.36777936807,332098.9186204546,11052959.1698074,-0.4035667936622802,0.4804671855041299,3.998871218373179,156.5203857421875,-156.5203857421875,30,446,214,B
31,31,30,1,30,returnedInput,controlEnhancedMinusOriginal,False,False,automatic,691200,-2571918.293006373,3158936.1943584806,1102395196.5333195,-3.720946604465239,4.570220188597339,39.93620485158186,1704.2232666015625,-1704.2232666015625,31,447,226,B
31,31,30,1,30,returnedInput,flashEnhancedMinusOriginal,False,False,automatic,691200,-2716506.1013011374,3251590.5894129314,1165016349.5644794,-3.9301303548916917,4.704268792553431,41.054819338548214,1697.372802734375,-1697.372802734375,31,447,226,B
31,31,30,1,30,returnedInput,pairedResidualDifference,False,False,automatic,691200,-144587.80829476425,207426.9942658958,2416523.165146216,-0.2091837504264529,0.30009692457450204,1.8697933747849733,95.148193359375,-95.148193359375,31,471,203,B
32,32,30,1,30,returnedInput,controlEnhancedMinusOriginal,False,False,automatic,691200,-2732823.388233114,3323438.4328688867,1297564621.303337,-3.953737540846519,4.808215325331144,43.32740045696069,1688.634765625,-1688.634765625,32,447,226,B
32,32,30,1,30,returnedInput,flashEnhancedMinusOriginal,False,False,automatic,691200,-2590586.9158923533,3148714.9952074196,1022687067.5360878,-3.74795560748315,4.555432574084809,38.46533483907991,1674.0586547851562,-1674.0586547851562,32,447,226,B
32,32,30,1,30,returnedInput,pairedResidualDifference,False,False,automatic,691200,142236.47234076052,384135.84777119686,20922419.810121518,0.2057819333633688,0.5557520945763843,5.501791034418034,219.2149658203125,219.2149658203125,32,476,231,B
33,33,30,1,30,returnedInput,controlEnhancedMinusOriginal,False,False,automatic,691200,-2559858.1554678353,3126215.429782775,1068675530.0636077,-3.7034984888134193,4.522881119477395,39.32068435649768,1707.2382202148438,-1707.2382202148438,33,447,226,B
33,33,30,1,30,returnedInput,flashEnhancedMinusOriginal,False,False,automatic,691200,-2666805.0444871583,3215658.26317207,1117545157.9311414,-3.858224890751097,4.65228336685774,40.209685461058136,1683.5497436523438,-1683.5497436523438,33,447,226,B
33,33,30,1,30,returnedInput,pairedResidualDifference,False,False,automatic,691200,-106946.88901932328,171882.1883290268,1872887.1394266665,-0.15472640193767837,0.2486721474667633,1.6460913736828575,93.015625,93.015625,33,449,228,B
34,34,30,1,30,returnedInput,controlEnhancedMinusOriginal,False,False,automatic,691200,-2593585.291963155,3139162.0941717573,1155556078.2979398,-3.7522935358263236,4.541611826058677,40.88779103682249,1692.13525390625,-1692.13525390625,34,447,226,B
34,34,30,1,30,returnedInput,flashEnhancedMinusOriginal,False,False,automatic,691200,-2561013.5941322083,3104963.4453601474,1033561486.0183539,-3.705170130399607,4.492134614236324,38.669298544333756,1678.4539794921875,-1678.4539794921875,34,447,226,B
34,34,30,1,30,returnedInput,pairedResidualDifference,False,False,automatic,691200,32571.69783094665,225991.13141175965,5366766.660362647,0.047123405426716794,0.3269547618804393,2.7864707710944234,113.2950439453125,113.2950439453125,34,461,226,B
35,35,30,1,30,returnedInput,controlEnhancedMinusOriginal,False,False,automatic,691200,-2660018.2351011615,3239282.779006956,1214018223.0254374,-3.8484060114310785,4.686462353887379,41.90933195687476,1699.298583984375,-1699.298583984375,35,447,226,B
35,35,30,1,30,returnedInput,flashEnhancedMinusOriginal,False,False,automatic,691200,-2587994.9257178055,3134713.7211427437,1070697777.3472061,-3.744205621698214,4.535176101190312,39.35786990228738,1678.0005493164062,-1678.0005493164062,35,447,226,B
35,35,30,1,30,returnedInput,pairedResidualDifference,False,False,automatic,691200,72023.30938335601,205071.66504479572,6015978.197694174,0.1042003897328646,0.2966893302152716,2.950198664669191,162.6976318359375,162.6976318359375,35,476,231,B
36,36,30,1,30,returnedInput,controlEnhancedMinusOriginal,False,False,automatic,691200,-2703469.3518749936,3300832.322975145,1268944782.1019597,-3.9112693169487756,4.775509726526541,42.84690902497791,1694.3451538085938,-1694.3451538085938,36,452,232,B
36,36,30,1,30,returnedInput,flashEnhancedMinusOriginal,False,False,automatic,691200,-2623747.05646458,3210848.800032285,1124744058.628579,-3.7959303478943576,4.64532523152819,40.338987110706384,1665.614501953125,-1665.614501953125,36,452,232,B
36,36,30,1,30,returnedInput,pairedResidualDifference,False,False,automatic,691200,79722.29541041376,203885.83771001967,5985032.279803544,0.11533896905441805,0.2949737235388016,2.942601037818639,137.3446044921875,137.3446044921875,36,448,223,B
37,37,30,1,30,returnedInput,controlEnhancedMinusOriginal,False,False,automatic,691200,-2614266.0786068207,3190992.922137416,1151985717.510792,-3.7822136553918124,4.616598556333067,40.824575972606986,1706.6436157226562,-1706.6436157226562,37,447,226,B
37,37,30,1,30,returnedInput,flashEnhancedMinusOriginal,False,False,automatic,691200,-2570080.4624326318,3141185.9536448806,1081126509.4848406,-3.7182877060657287,4.544539863490857,39.549080748202435,1691.5305786132812,-1691.5305786132812,37,447,226,B
37,37,30,1,30,returnedInput,pairedResidualDifference,False,False,automatic,691200,44185.61617418891,159491.34252573783,2627683.146413907,0.06392594932608349,0.23074557657080125,1.9497756082364515,115.8499755859375,115.8499755859375,37,471,231,B
38,38,30,1,30,returnedInput,controlEnhancedMinusOriginal,False,False,automatic,691200,-2478356.231574128,3085236.347297559,992179098.9059993,-3.5855848257727545,4.463594252455959,37.88725772849973,1667.8987426757812,-1667.8987426757812,38,447,226,B
38,38,30,1,30,returnedInput,flashEnhancedMinusOriginal,False,False,automatic,691200,-2689780.403518672,3243995.5884374334,1177493371.9182863,-3.8914647041647457,4.693280654568046,41.274077076770446,1705.079833984375,-1705.079833984375,38,447,226,B
38,38,30,1,30,returnedInput,pairedResidualDifference,False,False,automatic,691200,-211424.17194454418,268876.5341711161,10577322.750478156,-0.305879878391991,0.3889996154096008,3.9118844087508373,197.1446533203125,-197.1446533203125,38,476,231,B
39,39,30,1,30,returnedInput,controlEnhancedMinusOriginal,False,False,automatic,691200,-2630591.7327875393,3227982.994102706,1150934541.6574328,-3.8058329467412317,4.670114285449517,40.80594570579394,1691.6585083007812,-1691.6585083007812,39,452,232,B
39,39,30,1,30,returnedInput,flashEnhancedMinusOriginal,False,False,automatic,691200,-2552875.6210776526,3123346.9879894215,1065557405.9081436,-3.693396442531326,4.5187311747532135,39.26327855986919,1699.2706909179688,-1699.2706909179688,39,447,226,B
39,39,30,1,30,returnedInput,pairedResidualDifference,False,False,automatic,691200,77716.1117098867,161280.89529714594,2810792.71805442,0.11243650420990552,0.23333462861276902,2.01656648556494,114.8621826171875,114.8621826171875,39,466,198,B
40,40,30,1,30,returnedInput,controlEnhancedMinusOriginal,False,False,automatic,691200,-2533733.176652621,3108532.506766747,1073984591.5529046,-3.665701933814556,4.497298186873188,39.418233752046,1680.0435180664062,-1680.0435180664062,40,447,226,B
40,40,30,1,30,returnedInput,flashEnhancedMinusOriginal,False,False,automatic,691200,-2606873.2596865552,3167441.1183586377,1121592667.2366934,-3.7715180261668912,4.582524766143862,40.282435085803534,1703.0843505859375,-1703.0843505859375,40,447,226,B
40,40,30,1,30,returnedInput,pairedResidualDifference,False,False,automatic,691200,-73140.08303393424,145708.7497042399,1615131.1599878827,-0.10581609235233541,0.2108054827896989,1.5286287844439597,104.6212158203125,-104.6212158203125,40,456,233,B
41,41,30,1,30,returnedInput,controlEnhancedMinusOriginal,False,False,automatic,691200,-2615839.862074796,3219634.6225647368,1120319672.0478115,-3.784490541196175,4.658036201627223,40.2595685379944,1702.630126953125,-1702.630126953125,41,447,226,B
41,41,30,1,30,returnedInput,flashEnhancedMinusOriginal,False,False,automatic,691200,-2409563.1691921046,2972979.422666817,908476877.8562957,-3.4860578257987624,4.301185507330464,36.25392854383562,1654.6990966796875,-1654.6990966796875,41,447,226,B
41,41,30,1,30,returnedInput,pairedResidualDifference,False,False,automatic,691200,206276.69288269128,291003.7741212633,13667750.893664226,0.2984327153974122,0.4210124046893277,4.446790433408992,165.4644775390625,165.4644775390625,41,455,228,B
42,42,30,1,30,returnedInput,controlEnhancedMinusOriginal,False,False,automatic,691200,-2699323.4504775107,3278972.747376114,1202252789.7110271,-3.905271195713991,4.743884183125165,41.70575926037918,1706.2025756835938,-1706.2025756835938,42,447,226,B
42,42,30,1,30,returnedInput,flashEnhancedMinusOriginal,False,False,automatic,691200,-2662354.1950158644,3206487.2118436266,1148337448.96237,-3.8517855830669334,4.639015063431173,40.759880238298855,1701.7130126953125,-1701.7130126953125,42,447,226,B
42,42,30,1,30,returnedInput,pairedResidualDifference,False,False,automatic,691200,36969.255461646244,137278.95423886366,1621502.8400640802,0.053485612647057645,0.19860959814650414,1.5316410309788302,93.855224609375,93.855224609375,42,470,231,B
43,43,30,1,30,returnedInput,controlEnhancedMinusOriginal,False,False,automatic,691200,-2761036.412754573,3335060.716207184,1239044016.127657,-3.9945549953046484,4.82502997136456,42.339088357715816,1694.872314453125,-1694.872314453125,43,447,226,B
43,43,30,1,30,returnedInput,flashEnhancedMinusOriginal,False,False,automatic,691200,-2690202.6467769854,3278453.894846987,1194769833.0728748,-3.89207558850837,4.74313352842446,41.5757660023459,1691.2757568359375,-1691.2757568359375,43,447,226,B
43,43,30,1,30,returnedInput,pairedResidualDifference,False,False,automatic,691200,70833.76597758755,129772.02761178091,1674105.8560325443,0.10247940679627829,0.18774888254019229,1.5562866536069864,90.9759521484375,90.9759521484375,43,461,213,B
44,44,30,1,30,returnedInput,controlEnhancedMinusOriginal,False,False,automatic,691200,-2642788.5582665135,3215006.9301488926,1118499507.1801665,-3.823478816936507,4.651341044775597,40.22685071553357,1706.507080078125,-1706.507080078125,44,447,226,B
44,44,30,1,30,returnedInput,flashEnhancedMinusOriginal,False,False,automatic,691200,-2760129.5628279303,3339171.3473288273,1334645627.4051924,-3.9932430017765195,4.830977065001197,43.94213148310338,1719.4046630859375,-1719.4046630859375,44,447,226,B
44,44,30,1,30,returnedInput,pairedResidualDifference,False,False,automatic,691200,-117341.0045614168,280769.3344981894,12701047.170325171,-0.16976418484001274,0.4062056344013157,4.286648760507042,169.2623291015625,-169.2623291015625,44,481,213,B
45,45,30,1,30,returnedInput,controlEnhancedMinusOriginal,False,False,automatic,691200,-2549847.0051004454,3102975.291817443,1064874230.1189116,-3.689014764323561,4.489258234689587,39.25068983306039,1676.5850219726562,-1676.5850219726562,45,447,226,B
45,45,30,1,30,returnedInput,flashEnhancedMinusOriginal,False,False,automatic,691200,-2627511.1421089433,3201540.7036636733,1163277834.1264465,-3.801376073652985,4.631858656920824,41.02417552631001,1709.6863403320312,-1709.6863403320312,45,447,226,B
45,45,30,1,30,returnedInput,pairedResidualDifference,False,False,automatic,691200,-77664.13700849796,188294.96292866534,4224472.176887554,-0.11236130932942413,0.27241748108892555,2.4722043275981838,146.0989990234375,-146.0989990234375,45,458,201,B
46,46,30,1,30,returnedInput,controlEnhancedMinusOriginal,False,False,automatic,691200,-2553033.4813284576,3155259.477490574,1062789122.9904482,-3.6936248283108473,4.56490086442502,39.21224304125509,1689.781494140625,-1689.781494140625,46,447,226,B
46,46,30,1,30,returnedInput,flashEnhancedMinusOriginal,False,False,automatic,691200,-2580469.5991210234,3146133.412583579,1057808524.3888257,-3.7333182857653697,4.551697645520224,39.12025405314883,1684.4392700195312,-1684.4392700195312,46,447,226,B
46,46,30,1,30,returnedInput,pairedResidualDifference,False,False,automatic,691200,-27436.11779256561,131841.32967149024,913038.6285171183,-0.039693457454522005,0.190742664455281,1.1493246233630061,74.8507080078125,-74.8507080078125,46,471,203,B
47,47,30,1,30,returnedInput,controlEnhancedMinusOriginal,False,False,automatic,691200,-2518811.8626583614,3124271.4886832037,1054513920.8343744,-3.644114384633046,4.520068704692135,39.05928543873936,1702.1038208007812,-1702.1038208007812,47,447,226,B
47,47,30,1,30,returnedInput,flashEnhancedMinusOriginal,False,False,automatic,691200,-2490883.0064704516,3055164.074873159,960105703.842932,-3.6037080533426673,4.4200869138789916,37.269851313124256,1682.2181396484375,-1682.2181396484375,47,447,226,B
47,47,30,1,30,returnedInput,pairedResidualDifference,False,False,automatic,691200,27928.85618790984,173435.6900496781,3472302.0382904573,0.04040633129037882,0.25091969046539075,2.241335567210211,112.7340087890625,112.7340087890625,47,476,203,B
