sequence,byteEqual,endUptimeNanoseconds,erosionCompletedWallSeconds,expectedSHA256,inputSHA256,maskKind,maskName,maskProvenance,measured,mlxBytes.active,mlxBytes.cache,mlxBytes.peakActive,orderIndex,outputSHA256,outputStatistics.bytes,outputStatistics.maximumFinite,outputStatistics.meanFinite,outputStatistics.minimumFinite,outputStatistics.negativeScalars,outputStatistics.nonfiniteScalars,outputStatistics.positiveFraction,outputStatistics.positiveScalars,outputStatistics.sha256,outputStatistics.zeroScalars,pass,phase,sourceFrameIndex,startUptimeNanoseconds
0,true,1054667119664916,0.00685625,ff24d7286b3978166808fccb18ded53d06f8a0687fe03a9af73eba1e698dc25c,7389257eb62b35d1311f9027f2cc088363fdef9f52406398a05024e96ca7634f,actual-pre-erode,natural-1497,natural,false,124600352,230278256,421394704,0,ff24d7286b3978166808fccb18ded53d06f8a0687fe03a9af73eba1e698dc25c,8294400,1,0.5580001935950686,0,0,0,0.5587991898148148,1158726,ff24d7286b3978166808fccb18ded53d06f8a0687fe03a9af73eba1e698dc25c,914874,0,first-isolated,1497,1054667112808666
1,true,1054667141425291,0.001116958,788ae0147bdf979a6575938ca2d7d4403788588f7be2010f03776c968fd1ab49,788ae0147bdf979a6575938ca2d7d4403788588f7be2010f03776c968fd1ab49,actual-pre-erode,natural-1498,natural,false,124600352,230278256,421394704,1,788ae0147bdf979a6575938ca2d7d4403788588f7be2010f03776c968fd1ab49,8294400,0,0,0,0,0,0,0,788ae0147bdf979a6575938ca2d7d4403788588f7be2010f03776c968fd1ab49,2073600,0,first-isolated,1498,1054667140308333
2,true,1054667168950791,0.006693916,e4d7d9ae97135d7dc185243b19490a1f40bcca651cf2b759538db368bedc01b7,189292e00661ef089f37c248b608e927d6ac2828d78ec57b3b8a070aee243ef1,actual-pre-erode,natural-1499,natural,false,124600352,230278256,421394704,2,e4d7d9ae97135d7dc185243b19490a1f40bcca651cf2b759538db368bedc01b7,8294400,1,0.6057567670294466,0,0,0,0.6072608024691358,1259216,e4d7d9ae97135d7dc185243b19490a1f40bcca651cf2b759538db368bedc01b7,814384,0,first-isolated,1499,1054667162256875
3,true,1054667192641500,0.003480042,ff2eeb16566030b9dd06a8c01bbf967fa94070c40acdbbea6a0d2dc48c7167eb,a1831330a8b322484403fd9244f7cff12dcec82bc068b0215790e84a55edb66c,actual-pre-erode,natural-1500,natural,false,124600352,230278256,421394704,3,ff2eeb16566030b9dd06a8c01bbf967fa94070c40acdbbea6a0d2dc48c7167eb,8294400,1,0.6108848549398807,0,0,0,0.6125993441358024,1270286,ff2eeb16566030b9dd06a8c01bbf967fa94070c40acdbbea6a0d2dc48c7167eb,803314,0,first-isolated,1500,1054667189161458
4,true,1054667216711708,0.003637625,7e53933ec6ffad34b19572512b6e4dd79cdf79d53cce1b9679f28641c8345004,10a50f2709cccd846b33cda5498a15b41ad61332e2284bd7c8a188f4134d4c12,actual-pre-erode,natural-1501,natural,false,124600352,230278256,421394704,4,7e53933ec6ffad34b19572512b6e4dd79cdf79d53cce1b9679f28641c8345004,8294400,1,0.6434173492906502,0,0,0,0.6461193094135802,1339793,7e53933ec6ffad34b19572512b6e4dd79cdf79d53cce1b9679f28641c8345004,733807,0,first-isolated,1501,1054667213074083
5,true,1054667243863625,0.006377375,a1dc46082a3247c370a0bea80eac8a6a710ea1d6c4447263d927751d18344a45,80fb7b59839bc3ef553ea700cca4948213992df8929b065322b349df5c2b9974,actual-pre-erode,natural-1502,natural,false,124600352,230278256,421394704,5,a1dc46082a3247c370a0bea80eac8a6a710ea1d6c4447263d927751d18344a45,8294400,1,0.5464105376980998,0,0,0,0.5487823109567901,1137955,a1dc46082a3247c370a0bea80eac8a6a710ea1d6c4447263d927751d18344a45,935645,0,first-isolated,1502,1054667237486250
6,true,1054667265583125,0.001264542,258955f94ba510e2de8a6b14dfe07f10e1b6ab8e7d73c54fe6bc36c37eaa3d6d,cb432adf0baf47a4e0ed095cc7d823427738c5aa006135d016d6ae9ddee87899,actual-pre-erode,natural-1503,natural,false,124600352,230278256,421394704,6,258955f94ba510e2de8a6b14dfe07f10e1b6ab8e7d73c54fe6bc36c37eaa3d6d,8294400,1,0.5558029466185292,0,0,0,0.5594878472222222,1160154,258955f94ba510e2de8a6b14dfe07f10e1b6ab8e7d73c54fe6bc36c37eaa3d6d,913446,0,first-isolated,1503,1054667264318583
7,true,1054667292065291,0.006037791,19e13139913e3ab371c6400a1c7c2c109d1d6fdfbe6cb24aaa64906f6d77c38d,bc1efaeb0a94427015bf1b360a9ed5013c1959c7be0f97eacee15e97fa4d5345,actual-pre-erode,natural-1504,natural,false,124600352,230278256,421394704,7,19e13139913e3ab371c6400a1c7c2c109d1d6fdfbe6cb24aaa64906f6d77c38d,8294400,1,0.4967001883586973,0,0,0,0.4987109375,1034127,19e13139913e3ab371c6400a1c7c2c109d1d6fdfbe6cb24aaa64906f6d77c38d,1039473,0,first-isolated,1504,1054667286027500
8,true,1054667315815166,0.0034325,def4be0fb3fad44d0bba17f4ec87b34a29779692689a1e34b7c1d14c9890783d,3cd48e5b732947674c4a6e32824115b3e41ae92049a89938af339726f6f4ede5,actual-pre-erode,natural-1505,natural,false,124600352,230278256,421394704,8,def4be0fb3fad44d0bba17f4ec87b34a29779692689a1e34b7c1d14c9890783d,8294400,1,0.5260632195270778,0,0,0,0.5287456597222222,1096407,def4be0fb3fad44d0bba17f4ec87b34a29779692689a1e34b7c1d14c9890783d,977193,0,first-isolated,1505,1054667312382666
9,true,1054667342526666,0.006004041,4884d6f9f54612fb41275b8e8d13cddd2192972bfafae0abaa4314560ed442e6,6c5f8a443a7b5b54701f1a7774dac18df1a092494a23d814bdd77e6c6bbe710b,actual-pre-erode,natural-1506,natural,false,124600352,230278256,421394704,9,4884d6f9f54612fb41275b8e8d13cddd2192972bfafae0abaa4314560ed442e6,8294400,1,0.4329532932854955,0,0,0,0.4353197337962963,902679,4884d6f9f54612fb41275b8e8d13cddd2192972bfafae0abaa4314560ed442e6,1170921,0,first-isolated,1506,1054667336522625
10,true,1054667367195791,0.0036565,4a85e0bcb8f464c66c75cb11c1eec19ea4773c4d0c27fb17ca25c0938dce94de,8c68fdeba1e149eae0336bbc5b4aecca6822250c7a21a8bcb8a057ee93d8da2f,actual-pre-erode,natural-1507,natural,false,124600352,230278256,421394704,10,4a85e0bcb8f464c66c75cb11c1eec19ea4773c4d0c27fb17ca25c0938dce94de,8294400,1,0.5346288507812772,0,0,0,0.5367033179012346,1112908,4a85e0bcb8f464c66c75cb11c1eec19ea4773c4d0c27fb17ca25c0938dce94de,960692,0,first-isolated,1507,1054667363539291
11,true,1054667396431833,0.008009958,8a51d9d7f9968563b7dd371f289fda22b1230b08f8f427295bd9f3c4250275e5,8a51d9d7f9968563b7dd371f289fda22b1230b08f8f427295bd9f3c4250275e5,synthetic,all-positive,synthetic,false,124600352,230278256,421394704,11,8a51d9d7f9968563b7dd371f289fda22b1230b08f8f427295bd9f3c4250275e5,8294400,0.875,0.4999996383101852,0.125,0,0,1,2073600,8a51d9d7f9968563b7dd371f289fda22b1230b08f8f427295bd9f3c4250275e5,0,0,first-isolated,null,1054667388421875
12,true,1054667421256750,0.004372375,2925f3cdc8173bf2ceb5c91d1bc8f9ad294f4b952c68c3bcada8b61c29b404ed,80a6d83d82542a5c2fca9e35e10a611b62695ff07a8d290907159ff9876b37e8,synthetic,sparse-invalid,synthetic,false,124600352,230278256,421394704,12,2925f3cdc8173bf2ceb5c91d1bc8f9ad294f4b952c68c3bcada8b61c29b404ed,8294400,0.875,0.4977750651041667,0,0,0,0.995550250771605,2064373,2925f3cdc8173bf2ceb5c91d1bc8f9ad294f4b952c68c3bcada8b61c29b404ed,9227,0,first-isolated,null,1054667416884375
13,true,1054667443875791,0.001776083,788ae0147bdf979a6575938ca2d7d4403788588f7be2010f03776c968fd1ab49,863b06634ceb4d3448bd4b50416825b3de7c01f07ab7f5f7272101def693195b,synthetic,dense-invalid,synthetic,false,124600352,230278256,421394704,13,788ae0147bdf979a6575938ca2d7d4403788588f7be2010f03776c968fd1ab49,8294400,0,0,0,0,0,0,0,788ae0147bdf979a6575938ca2d7d4403788588f7be2010f03776c968fd1ab49,2073600,0,first-isolated,null,1054667442099708
14,true,1054667466876916,0.00116025,788ae0147bdf979a6575938ca2d7d4403788588f7be2010f03776c968fd1ab49,863b06634ceb4d3448bd4b50416825b3de7c01f07ab7f5f7272101def693195b,synthetic,dense-invalid,synthetic,false,124600352,230278256,421394704,0,788ae0147bdf979a6575938ca2d7d4403788588f7be2010f03776c968fd1ab49,8294400,0,0,0,0,0,0,0,788ae0147bdf979a6575938ca2d7d4403788588f7be2010f03776c968fd1ab49,2073600,1,warmup,null,1054667465716666
15,true,1054667493298500,0.004761459,2925f3cdc8173bf2ceb5c91d1bc8f9ad294f4b952c68c3bcada8b61c29b404ed,80a6d83d82542a5c2fca9e35e10a611b62695ff07a8d290907159ff9876b37e8,synthetic,sparse-invalid,synthetic,false,124600352,230278256,421394704,1,2925f3cdc8173bf2ceb5c91d1bc8f9ad294f4b952c68c3bcada8b61c29b404ed,8294400,0.875,0.4977750651041667,0,0,0,0.995550250771605,2064373,2925f3cdc8173bf2ceb5c91d1bc8f9ad294f4b952c68c3bcada8b61c29b404ed,9227,1,warmup,null,1054667488537041
16,true,1054667517823916,0.0041345,8a51d9d7f9968563b7dd371f289fda22b1230b08f8f427295bd9f3c4250275e5,8a51d9d7f9968563b7dd371f289fda22b1230b08f8f427295bd9f3c4250275e5,synthetic,all-positive,synthetic,false,124600352,230278256,421394704,2,8a51d9d7f9968563b7dd371f289fda22b1230b08f8f427295bd9f3c4250275e5,8294400,0.875,0.4999996383101852,0.125,0,0,1,2073600,8a51d9d7f9968563b7dd371f289fda22b1230b08f8f427295bd9f3c4250275e5,0,1,warmup,null,1054667513689416
17,true,1054667545148458,0.006546583,4a85e0bcb8f464c66c75cb11c1eec19ea4773c4d0c27fb17ca25c0938dce94de,8c68fdeba1e149eae0336bbc5b4aecca6822250c7a21a8bcb8a057ee93d8da2f,actual-pre-erode,natural-1507,natural,false,124600352,230278256,421394704,3,4a85e0bcb8f464c66c75cb11c1eec19ea4773c4d0c27fb17ca25c0938dce94de,8294400,1,0.5346288507812772,0,0,0,0.5367033179012346,1112908,4a85e0bcb8f464c66c75cb11c1eec19ea4773c4d0c27fb17ca25c0938dce94de,960692,1,warmup,1507,1054667538601875
18,true,1054667569670416,0.003113375,4884d6f9f54612fb41275b8e8d13cddd2192972bfafae0abaa4314560ed442e6,6c5f8a443a7b5b54701f1a7774dac18df1a092494a23d814bdd77e6c6bbe710b,actual-pre-erode,natural-1506,natural,false,124600352,230278256,421394704,4,4884d6f9f54612fb41275b8e8d13cddd2192972bfafae0abaa4314560ed442e6,8294400,1,0.4329532932854955,0,0,0,0.4353197337962963,902679,4884d6f9f54612fb41275b8e8d13cddd2192972bfafae0abaa4314560ed442e6,1170921,1,warmup,1506,1054667566557041
19,true,1054667596500625,0.005921292,def4be0fb3fad44d0bba17f4ec87b34a29779692689a1e34b7c1d14c9890783d,3cd48e5b732947674c4a6e32824115b3e41ae92049a89938af339726f6f4ede5,actual-pre-erode,natural-1505,natural,false,124600352,230278256,421394704,5,def4be0fb3fad44d0bba17f4ec87b34a29779692689a1e34b7c1d14c9890783d,8294400,1,0.5260632195270778,0,0,0,0.5287456597222222,1096407,def4be0fb3fad44d0bba17f4ec87b34a29779692689a1e34b7c1d14c9890783d,977193,1,warmup,1505,1054667590579333
20,true,1054667622376500,0.004920459,19e13139913e3ab371c6400a1c7c2c109d1d6fdfbe6cb24aaa64906f6d77c38d,bc1efaeb0a94427015bf1b360a9ed5013c1959c7be0f97eacee15e97fa4d5345,actual-pre-erode,natural-1504,natural,false,124600352,230278256,421394704,6,19e13139913e3ab371c6400a1c7c2c109d1d6fdfbe6cb24aaa64906f6d77c38d,8294400,1,0.4967001883586973,0,0,0,0.4987109375,1034127,19e13139913e3ab371c6400a1c7c2c109d1d6fdfbe6cb24aaa64906f6d77c38d,1039473,1,warmup,1504,1054667617456041
21,true,1054667646596166,0.0034685,258955f94ba510e2de8a6b14dfe07f10e1b6ab8e7d73c54fe6bc36c37eaa3d6d,cb432adf0baf47a4e0ed095cc7d823427738c5aa006135d016d6ae9ddee87899,actual-pre-erode,natural-1503,natural,false,124600352,230278256,421394704,7,258955f94ba510e2de8a6b14dfe07f10e1b6ab8e7d73c54fe6bc36c37eaa3d6d,8294400,1,0.5558029466185292,0,0,0,0.5594878472222222,1160154,258955f94ba510e2de8a6b14dfe07f10e1b6ab8e7d73c54fe6bc36c37eaa3d6d,913446,1,warmup,1503,1054667643127666
22,true,1054667670450500,0.003421084,a1dc46082a3247c370a0bea80eac8a6a710ea1d6c4447263d927751d18344a45,80fb7b59839bc3ef553ea700cca4948213992df8929b065322b349df5c2b9974,actual-pre-erode,natural-1502,natural,false,124600352,230278256,421394704,8,a1dc46082a3247c370a0bea80eac8a6a710ea1d6c4447263d927751d18344a45,8294400,1,0.5464105376980998,0,0,0,0.5487823109567901,1137955,a1dc46082a3247c370a0bea80eac8a6a710ea1d6c4447263d927751d18344a45,935645,1,warmup,1502,1054667667029416
23,true,1054667694535083,0.003652792,7e53933ec6ffad34b19572512b6e4dd79cdf79d53cce1b9679f28641c8345004,10a50f2709cccd846b33cda5498a15b41ad61332e2284bd7c8a188f4134d4c12,actual-pre-erode,natural-1501,natural,false,124600352,230278256,421394704,9,7e53933ec6ffad34b19572512b6e4dd79cdf79d53cce1b9679f28641c8345004,8294400,1,0.6434173492906502,0,0,0,0.6461193094135802,1339793,7e53933ec6ffad34b19572512b6e4dd79cdf79d53cce1b9679f28641c8345004,733807,1,warmup,1501,1054667690882291
24,true,1054667719366958,0.004285792,ff2eeb16566030b9dd06a8c01bbf967fa94070c40acdbbea6a0d2dc48c7167eb,a1831330a8b322484403fd9244f7cff12dcec82bc068b0215790e84a55edb66c,actual-pre-erode,natural-1500,natural,false,124600352,230278256,421394704,10,ff2eeb16566030b9dd06a8c01bbf967fa94070c40acdbbea6a0d2dc48c7167eb,8294400,1,0.6108848549398807,0,0,0,0.6125993441358024,1270286,ff2eeb16566030b9dd06a8c01bbf967fa94070c40acdbbea6a0d2dc48c7167eb,803314,1,warmup,1500,1054667715081166
25,true,1054667743215458,0.003539667,e4d7d9ae97135d7dc185243b19490a1f40bcca651cf2b759538db368bedc01b7,189292e00661ef089f37c248b608e927d6ac2828d78ec57b3b8a070aee243ef1,actual-pre-erode,natural-1499,natural,false,124600352,230278256,421394704,11,e4d7d9ae97135d7dc185243b19490a1f40bcca651cf2b759538db368bedc01b7,8294400,1,0.6057567670294466,0,0,0,0.6072608024691358,1259216,e4d7d9ae97135d7dc185243b19490a1f40bcca651cf2b759538db368bedc01b7,814384,1,warmup,1499,1054667739675791
26,true,1054667764754666,0.001068625,788ae0147bdf979a6575938ca2d7d4403788588f7be2010f03776c968fd1ab49,788ae0147bdf979a6575938ca2d7d4403788588f7be2010f03776c968fd1ab49,actual-pre-erode,natural-1498,natural,false,124600352,230278256,421394704,12,788ae0147bdf979a6575938ca2d7d4403788588f7be2010f03776c968fd1ab49,8294400,0,0,0,0,0,0,0,788ae0147bdf979a6575938ca2d7d4403788588f7be2010f03776c968fd1ab49,2073600,1,warmup,1498,1054667763686041
27,true,1054667791464875,0.005862334,ff24d7286b3978166808fccb18ded53d06f8a0687fe03a9af73eba1e698dc25c,7389257eb62b35d1311f9027f2cc088363fdef9f52406398a05024e96ca7634f,actual-pre-erode,natural-1497,natural,false,124600352,230278256,421394704,13,ff24d7286b3978166808fccb18ded53d06f8a0687fe03a9af73eba1e698dc25c,8294400,1,0.5580001935950686,0,0,0,0.5587991898148148,1158726,ff24d7286b3978166808fccb18ded53d06f8a0687fe03a9af73eba1e698dc25c,914874,1,warmup,1497,1054667785602541
28,true,1054667815220791,0.003206833,ff24d7286b3978166808fccb18ded53d06f8a0687fe03a9af73eba1e698dc25c,7389257eb62b35d1311f9027f2cc088363fdef9f52406398a05024e96ca7634f,actual-pre-erode,natural-1497,natural,false,124600352,230278256,421394704,0,ff24d7286b3978166808fccb18ded53d06f8a0687fe03a9af73eba1e698dc25c,8294400,1,0.5580001935950686,0,0,0,0.5587991898148148,1158726,ff24d7286b3978166808fccb18ded53d06f8a0687fe03a9af73eba1e698dc25c,914874,2,warmup,1497,1054667812013958
29,true,1054667837342125,0.001425792,788ae0147bdf979a6575938ca2d7d4403788588f7be2010f03776c968fd1ab49,788ae0147bdf979a6575938ca2d7d4403788588f7be2010f03776c968fd1ab49,actual-pre-erode,natural-1498,natural,false,124600352,230278256,421394704,1,788ae0147bdf979a6575938ca2d7d4403788588f7be2010f03776c968fd1ab49,8294400,0,0,0,0,0,0,0,788ae0147bdf979a6575938ca2d7d4403788588f7be2010f03776c968fd1ab49,2073600,2,warmup,1498,1054667835916333
30,true,1054667864085833,0.006065625,e4d7d9ae97135d7dc185243b19490a1f40bcca651cf2b759538db368bedc01b7,189292e00661ef089f37c248b608e927d6ac2828d78ec57b3b8a070aee243ef1,actual-pre-erode,natural-1499,natural,false,124600352,230278256,421394704,2,e4d7d9ae97135d7dc185243b19490a1f40bcca651cf2b759538db368bedc01b7,8294400,1,0.6057567670294466,0,0,0,0.6072608024691358,1259216,e4d7d9ae97135d7dc185243b19490a1f40bcca651cf2b759538db368bedc01b7,814384,2,warmup,1499,1054667858020208
31,true,1054667888424125,0.003516875,ff2eeb16566030b9dd06a8c01bbf967fa94070c40acdbbea6a0d2dc48c7167eb,a1831330a8b322484403fd9244f7cff12dcec82bc068b0215790e84a55edb66c,actual-pre-erode,natural-1500,natural,false,124600352,230278256,421394704,3,ff2eeb16566030b9dd06a8c01bbf967fa94070c40acdbbea6a0d2dc48c7167eb,8294400,1,0.6108848549398807,0,0,0,0.6125993441358024,1270286,ff2eeb16566030b9dd06a8c01bbf967fa94070c40acdbbea6a0d2dc48c7167eb,803314,2,warmup,1500,1054667884907250
32,true,1054667916464625,0.00692525,7e53933ec6ffad34b19572512b6e4dd79cdf79d53cce1b9679f28641c8345004,10a50f2709cccd846b33cda5498a15b41ad61332e2284bd7c8a188f4134d4c12,actual-pre-erode,natural-1501,natural,false,124600352,230278256,421394704,4,7e53933ec6ffad34b19572512b6e4dd79cdf79d53cce1b9679f28641c8345004,8294400,1,0.6434173492906502,0,0,0,0.6461193094135802,1339793,7e53933ec6ffad34b19572512b6e4dd79cdf79d53cce1b9679f28641c8345004,733807,2,warmup,1501,1054667909539375
33,true,1054667941201333,0.003400042,a1dc46082a3247c370a0bea80eac8a6a710ea1d6c4447263d927751d18344a45,80fb7b59839bc3ef553ea700cca4948213992df8929b065322b349df5c2b9974,actual-pre-erode,natural-1502,natural,false,124600352,230278256,421394704,5,a1dc46082a3247c370a0bea80eac8a6a710ea1d6c4447263d927751d18344a45,8294400,1,0.5464105376980998,0,0,0,0.5487823109567901,1137955,a1dc46082a3247c370a0bea80eac8a6a710ea1d6c4447263d927751d18344a45,935645,2,warmup,1502,1054667937801291
34,true,1054667968732125,0.006059417,258955f94ba510e2de8a6b14dfe07f10e1b6ab8e7d73c54fe6bc36c37eaa3d6d,cb432adf0baf47a4e0ed095cc7d823427738c5aa006135d016d6ae9ddee87899,actual-pre-erode,natural-1503,natural,false,124600352,230278256,421394704,6,258955f94ba510e2de8a6b14dfe07f10e1b6ab8e7d73c54fe6bc36c37eaa3d6d,8294400,1,0.5558029466185292,0,0,0,0.5594878472222222,1160154,258955f94ba510e2de8a6b14dfe07f10e1b6ab8e7d73c54fe6bc36c37eaa3d6d,913446,2,warmup,1503,1054667962672708
35,true,1054667992792125,0.003241542,19e13139913e3ab371c6400a1c7c2c109d1d6fdfbe6cb24aaa64906f6d77c38d,bc1efaeb0a94427015bf1b360a9ed5013c1959c7be0f97eacee15e97fa4d5345,actual-pre-erode,natural-1504,natural,false,124600352,230278256,421394704,7,19e13139913e3ab371c6400a1c7c2c109d1d6fdfbe6cb24aaa64906f6d77c38d,8294400,1,0.4967001883586973,0,0,0,0.4987109375,1034127,19e13139913e3ab371c6400a1c7c2c109d1d6fdfbe6cb24aaa64906f6d77c38d,1039473,2,warmup,1504,1054667989550583
36,true,1054668019917250,0.006132709,def4be0fb3fad44d0bba17f4ec87b34a29779692689a1e34b7c1d14c9890783d,3cd48e5b732947674c4a6e32824115b3e41ae92049a89938af339726f6f4ede5,actual-pre-erode,natural-1505,natural,false,124600352,230278256,421394704,8,def4be0fb3fad44d0bba17f4ec87b34a29779692689a1e34b7c1d14c9890783d,8294400,1,0.5260632195270778,0,0,0,0.5287456597222222,1096407,def4be0fb3fad44d0bba17f4ec87b34a29779692689a1e34b7c1d14c9890783d,977193,2,warmup,1505,1054668013784541
37,true,1054668045355708,0.004312583,4884d6f9f54612fb41275b8e8d13cddd2192972bfafae0abaa4314560ed442e6,6c5f8a443a7b5b54701f1a7774dac18df1a092494a23d814bdd77e6c6bbe710b,actual-pre-erode,natural-1506,natural,false,124600352,230278256,421394704,9,4884d6f9f54612fb41275b8e8d13cddd2192972bfafae0abaa4314560ed442e6,8294400,1,0.4329532932854955,0,0,0,0.4353197337962963,902679,4884d6f9f54612fb41275b8e8d13cddd2192972bfafae0abaa4314560ed442e6,1170921,2,warmup,1506,1054668041043125
38,true,1054668072978291,0.006127208,4a85e0bcb8f464c66c75cb11c1eec19ea4773c4d0c27fb17ca25c0938dce94de,8c68fdeba1e149eae0336bbc5b4aecca6822250c7a21a8bcb8a057ee93d8da2f,actual-pre-erode,natural-1507,natural,false,124600352,230278256,421394704,10,4a85e0bcb8f464c66c75cb11c1eec19ea4773c4d0c27fb17ca25c0938dce94de,8294400,1,0.5346288507812772,0,0,0,0.5367033179012346,1112908,4a85e0bcb8f464c66c75cb11c1eec19ea4773c4d0c27fb17ca25c0938dce94de,960692,2,warmup,1507,1054668066851083
39,true,1054668101579916,0.005526375,8a51d9d7f9968563b7dd371f289fda22b1230b08f8f427295bd9f3c4250275e5,8a51d9d7f9968563b7dd371f289fda22b1230b08f8f427295bd9f3c4250275e5,synthetic,all-positive,synthetic,false,124600352,230278256,421394704,11,8a51d9d7f9968563b7dd371f289fda22b1230b08f8f427295bd9f3c4250275e5,8294400,0.875,0.4999996383101852,0.125,0,0,1,2073600,8a51d9d7f9968563b7dd371f289fda22b1230b08f8f427295bd9f3c4250275e5,0,2,warmup,null,1054668096053541
40,true,1054668126256291,0.004245625,2925f3cdc8173bf2ceb5c91d1bc8f9ad294f4b952c68c3bcada8b61c29b404ed,80a6d83d82542a5c2fca9e35e10a611b62695ff07a8d290907159ff9876b37e8,synthetic,sparse-invalid,synthetic,false,124600352,230278256,421394704,12,2925f3cdc8173bf2ceb5c91d1bc8f9ad294f4b952c68c3bcada8b61c29b404ed,8294400,0.875,0.4977750651041667,0,0,0,0.995550250771605,2064373,2925f3cdc8173bf2ceb5c91d1bc8f9ad294f4b952c68c3bcada8b61c29b404ed,9227,2,warmup,null,1054668122010666
41,true,1054668147663666,0.001147708,788ae0147bdf979a6575938ca2d7d4403788588f7be2010f03776c968fd1ab49,863b06634ceb4d3448bd4b50416825b3de7c01f07ab7f5f7272101def693195b,synthetic,dense-invalid,synthetic,false,124600352,230278256,421394704,13,788ae0147bdf979a6575938ca2d7d4403788588f7be2010f03776c968fd1ab49,8294400,0,0,0,0,0,0,0,788ae0147bdf979a6575938ca2d7d4403788588f7be2010f03776c968fd1ab49,2073600,2,warmup,null,1054668146515958
42,true,1054668170626250,0.00176625,788ae0147bdf979a6575938ca2d7d4403788588f7be2010f03776c968fd1ab49,863b06634ceb4d3448bd4b50416825b3de7c01f07ab7f5f7272101def693195b,synthetic,dense-invalid,synthetic,false,124600352,230278256,421394704,0,788ae0147bdf979a6575938ca2d7d4403788588f7be2010f03776c968fd1ab49,8294400,0,0,0,0,0,0,0,788ae0147bdf979a6575938ca2d7d4403788588f7be2010f03776c968fd1ab49,2073600,3,warmup,null,1054668168860000
43,true,1054668196097750,0.004190125,2925f3cdc8173bf2ceb5c91d1bc8f9ad294f4b952c68c3bcada8b61c29b404ed,80a6d83d82542a5c2fca9e35e10a611b62695ff07a8d290907159ff9876b37e8,synthetic,sparse-invalid,synthetic,false,124600352,230278256,421394704,1,2925f3cdc8173bf2ceb5c91d1bc8f9ad294f4b952c68c3bcada8b61c29b404ed,8294400,0.875,0.4977750651041667,0,0,0,0.995550250771605,2064373,2925f3cdc8173bf2ceb5c91d1bc8f9ad294f4b952c68c3bcada8b61c29b404ed,9227,3,warmup,null,1054668191907625
44,true,1054668220133166,0.00414625,8a51d9d7f9968563b7dd371f289fda22b1230b08f8f427295bd9f3c4250275e5,8a51d9d7f9968563b7dd371f289fda22b1230b08f8f427295bd9f3c4250275e5,synthetic,all-positive,synthetic,false,124600352,230278256,421394704,2,8a51d9d7f9968563b7dd371f289fda22b1230b08f8f427295bd9f3c4250275e5,8294400,0.875,0.4999996383101852,0.125,0,0,1,2073600,8a51d9d7f9968563b7dd371f289fda22b1230b08f8f427295bd9f3c4250275e5,0,3,warmup,null,1054668215986916
45,true,1054668246071375,0.0058265,4a85e0bcb8f464c66c75cb11c1eec19ea4773c4d0c27fb17ca25c0938dce94de,8c68fdeba1e149eae0336bbc5b4aecca6822250c7a21a8bcb8a057ee93d8da2f,actual-pre-erode,natural-1507,natural,false,124600352,230278256,421394704,3,4a85e0bcb8f464c66c75cb11c1eec19ea4773c4d0c27fb17ca25c0938dce94de,8294400,1,0.5346288507812772,0,0,0,0.5367033179012346,1112908,4a85e0bcb8f464c66c75cb11c1eec19ea4773c4d0c27fb17ca25c0938dce94de,960692,3,warmup,1507,1054668240244875
46,true,1054668271622916,0.004496916,4884d6f9f54612fb41275b8e8d13cddd2192972bfafae0abaa4314560ed442e6,6c5f8a443a7b5b54701f1a7774dac18df1a092494a23d814bdd77e6c6bbe710b,actual-pre-erode,natural-1506,natural,false,124600352,230278256,421394704,4,4884d6f9f54612fb41275b8e8d13cddd2192972bfafae0abaa4314560ed442e6,8294400,1,0.4329532932854955,0,0,0,0.4353197337962963,902679,4884d6f9f54612fb41275b8e8d13cddd2192972bfafae0abaa4314560ed442e6,1170921,3,warmup,1506,1054668267126000
47,true,1054668299228291,0.006091375,def4be0fb3fad44d0bba17f4ec87b34a29779692689a1e34b7c1d14c9890783d,3cd48e5b732947674c4a6e32824115b3e41ae92049a89938af339726f6f4ede5,actual-pre-erode,natural-1505,natural,false,124600352,230278256,421394704,5,def4be0fb3fad44d0bba17f4ec87b34a29779692689a1e34b7c1d14c9890783d,8294400,1,0.5260632195270778,0,0,0,0.5287456597222222,1096407,def4be0fb3fad44d0bba17f4ec87b34a29779692689a1e34b7c1d14c9890783d,977193,3,warmup,1505,1054668293136916
48,true,1054668323592125,0.003184542,19e13139913e3ab371c6400a1c7c2c109d1d6fdfbe6cb24aaa64906f6d77c38d,bc1efaeb0a94427015bf1b360a9ed5013c1959c7be0f97eacee15e97fa4d5345,actual-pre-erode,natural-1504,natural,false,124600352,230278256,421394704,6,19e13139913e3ab371c6400a1c7c2c109d1d6fdfbe6cb24aaa64906f6d77c38d,8294400,1,0.4967001883586973,0,0,0,0.4987109375,1034127,19e13139913e3ab371c6400a1c7c2c109d1d6fdfbe6cb24aaa64906f6d77c38d,1039473,3,warmup,1504,1054668320407583
49,true,1054668351072458,0.006408708,258955f94ba510e2de8a6b14dfe07f10e1b6ab8e7d73c54fe6bc36c37eaa3d6d,cb432adf0baf47a4e0ed095cc7d823427738c5aa006135d016d6ae9ddee87899,actual-pre-erode,natural-1503,natural,false,124600352,230278256,421394704,7,258955f94ba510e2de8a6b14dfe07f10e1b6ab8e7d73c54fe6bc36c37eaa3d6d,8294400,1,0.5558029466185292,0,0,0,0.5594878472222222,1160154,258955f94ba510e2de8a6b14dfe07f10e1b6ab8e7d73c54fe6bc36c37eaa3d6d,913446,3,warmup,1503,1054668344663750
50,true,1054668373509000,0.00125075,a1dc46082a3247c370a0bea80eac8a6a710ea1d6c4447263d927751d18344a45,80fb7b59839bc3ef553ea700cca4948213992df8929b065322b349df5c2b9974,actual-pre-erode,natural-1502,natural,false,124600352,230278256,421394704,8,a1dc46082a3247c370a0bea80eac8a6a710ea1d6c4447263d927751d18344a45,8294400,1,0.5464105376980998,0,0,0,0.5487823109567901,1137955,a1dc46082a3247c370a0bea80eac8a6a710ea1d6c4447263d927751d18344a45,935645,3,warmup,1502,1054668372258250
51,true,1054668400999208,0.006326917,7e53933ec6ffad34b19572512b6e4dd79cdf79d53cce1b9679f28641c8345004,10a50f2709cccd846b33cda5498a15b41ad61332e2284bd7c8a188f4134d4c12,actual-pre-erode,natural-1501,natural,false,124600352,230278256,421394704,9,7e53933ec6ffad34b19572512b6e4dd79cdf79d53cce1b9679f28641c8345004,8294400,1,0.6434173492906502,0,0,0,0.6461193094135802,1339793,7e53933ec6ffad34b19572512b6e4dd79cdf79d53cce1b9679f28641c8345004,733807,3,warmup,1501,1054668394672291
52,true,1054668426685958,0.003406833,ff2eeb16566030b9dd06a8c01bbf967fa94070c40acdbbea6a0d2dc48c7167eb,a1831330a8b322484403fd9244f7cff12dcec82bc068b0215790e84a55edb66c,actual-pre-erode,natural-1500,natural,false,124600352,230278256,421394704,10,ff2eeb16566030b9dd06a8c01bbf967fa94070c40acdbbea6a0d2dc48c7167eb,8294400,1,0.6108848549398807,0,0,0,0.6125993441358024,1270286,ff2eeb16566030b9dd06a8c01bbf967fa94070c40acdbbea6a0d2dc48c7167eb,803314,3,warmup,1500,1054668423279125
53,true,1054668455579083,0.006433542,e4d7d9ae97135d7dc185243b19490a1f40bcca651cf2b759538db368bedc01b7,189292e00661ef089f37c248b608e927d6ac2828d78ec57b3b8a070aee243ef1,actual-pre-erode,natural-1499,natural,false,124600352,230278256,421394704,11,e4d7d9ae97135d7dc185243b19490a1f40bcca651cf2b759538db368bedc01b7,8294400,1,0.6057567670294466,0,0,0,0.6072608024691358,1259216,e4d7d9ae97135d7dc185243b19490a1f40bcca651cf2b759538db368bedc01b7,814384,3,warmup,1499,1054668449145541
54,true,1054668479066500,0.001167292,788ae0147bdf979a6575938ca2d7d4403788588f7be2010f03776c968fd1ab49,788ae0147bdf979a6575938ca2d7d4403788588f7be2010f03776c968fd1ab49,actual-pre-erode,natural-1498,natural,false,124600352,230278256,421394704,12,788ae0147bdf979a6575938ca2d7d4403788588f7be2010f03776c968fd1ab49,8294400,0,0,0,0,0,0,0,788ae0147bdf979a6575938ca2d7d4403788588f7be2010f03776c968fd1ab49,2073600,3,warmup,1498,1054668477899208
55,true,1054668506806250,0.006116209,ff24d7286b3978166808fccb18ded53d06f8a0687fe03a9af73eba1e698dc25c,7389257eb62b35d1311f9027f2cc088363fdef9f52406398a05024e96ca7634f,actual-pre-erode,natural-1497,natural,false,124600352,230278256,421394704,13,ff24d7286b3978166808fccb18ded53d06f8a0687fe03a9af73eba1e698dc25c,8294400,1,0.5580001935950686,0,0,0,0.5587991898148148,1158726,ff24d7286b3978166808fccb18ded53d06f8a0687fe03a9af73eba1e698dc25c,914874,3,warmup,1497,1054668500690041
56,true,1054668531656458,0.003210542,ff24d7286b3978166808fccb18ded53d06f8a0687fe03a9af73eba1e698dc25c,7389257eb62b35d1311f9027f2cc088363fdef9f52406398a05024e96ca7634f,actual-pre-erode,natural-1497,natural,true,124600352,230278256,421394704,0,ff24d7286b3978166808fccb18ded53d06f8a0687fe03a9af73eba1e698dc25c,8294400,1,0.5580001935950686,0,0,0,0.5587991898148148,1158726,ff24d7286b3978166808fccb18ded53d06f8a0687fe03a9af73eba1e698dc25c,914874,4,measured,1497,1054668528445916
57,true,1054668554974000,0.001465542,788ae0147bdf979a6575938ca2d7d4403788588f7be2010f03776c968fd1ab49,788ae0147bdf979a6575938ca2d7d4403788588f7be2010f03776c968fd1ab49,actual-pre-erode,natural-1498,natural,true,124600352,230278256,421394704,1,788ae0147bdf979a6575938ca2d7d4403788588f7be2010f03776c968fd1ab49,8294400,0,0,0,0,0,0,0,788ae0147bdf979a6575938ca2d7d4403788588f7be2010f03776c968fd1ab49,2073600,4,measured,1498,1054668553508458
58,true,1054668581060333,0.003532375,e4d7d9ae97135d7dc185243b19490a1f40bcca651cf2b759538db368bedc01b7,189292e00661ef089f37c248b608e927d6ac2828d78ec57b3b8a070aee243ef1,actual-pre-erode,natural-1499,natural,true,124600352,230278256,421394704,2,e4d7d9ae97135d7dc185243b19490a1f40bcca651cf2b759538db368bedc01b7,8294400,1,0.6057567670294466,0,0,0,0.6072608024691358,1259216,e4d7d9ae97135d7dc185243b19490a1f40bcca651cf2b759538db368bedc01b7,814384,4,measured,1499,1054668577527958
59,true,1054668606923625,0.003577875,ff2eeb16566030b9dd06a8c01bbf967fa94070c40acdbbea6a0d2dc48c7167eb,a1831330a8b322484403fd9244f7cff12dcec82bc068b0215790e84a55edb66c,actual-pre-erode,natural-1500,natural,true,124600352,230278256,421394704,3,ff2eeb16566030b9dd06a8c01bbf967fa94070c40acdbbea6a0d2dc48c7167eb,8294400,1,0.6108848549398807,0,0,0,0.6125993441358024,1270286,ff2eeb16566030b9dd06a8c01bbf967fa94070c40acdbbea6a0d2dc48c7167eb,803314,4,measured,1500,1054668603345750
60,true,1054668633054583,0.003679958,7e53933ec6ffad34b19572512b6e4dd79cdf79d53cce1b9679f28641c8345004,10a50f2709cccd846b33cda5498a15b41ad61332e2284bd7c8a188f4134d4c12,actual-pre-erode,natural-1501,natural,true,124600352,230278256,421394704,4,7e53933ec6ffad34b19572512b6e4dd79cdf79d53cce1b9679f28641c8345004,8294400,1,0.6434173492906502,0,0,0,0.6461193094135802,1339793,7e53933ec6ffad34b19572512b6e4dd79cdf79d53cce1b9679f28641c8345004,733807,4,measured,1501,1054668629374625
61,true,1054668660618416,0.00576875,a1dc46082a3247c370a0bea80eac8a6a710ea1d6c4447263d927751d18344a45,80fb7b59839bc3ef553ea700cca4948213992df8929b065322b349df5c2b9974,actual-pre-erode,natural-1502,natural,true,124600352,230278256,421394704,5,a1dc46082a3247c370a0bea80eac8a6a710ea1d6c4447263d927751d18344a45,8294400,1,0.5464105376980998,0,0,0,0.5487823109567901,1137955,a1dc46082a3247c370a0bea80eac8a6a710ea1d6c4447263d927751d18344a45,935645,4,measured,1502,1054668654849666
62,true,1054668686068041,0.003408166,258955f94ba510e2de8a6b14dfe07f10e1b6ab8e7d73c54fe6bc36c37eaa3d6d,cb432adf0baf47a4e0ed095cc7d823427738c5aa006135d016d6ae9ddee87899,actual-pre-erode,natural-1503,natural,true,124600352,230278256,421394704,6,258955f94ba510e2de8a6b14dfe07f10e1b6ab8e7d73c54fe6bc36c37eaa3d6d,8294400,1,0.5558029466185292,0,0,0,0.5594878472222222,1160154,258955f94ba510e2de8a6b14dfe07f10e1b6ab8e7d73c54fe6bc36c37eaa3d6d,913446,4,measured,1503,1054668682659875
63,true,1054668714815291,0.005639666,19e13139913e3ab371c6400a1c7c2c109d1d6fdfbe6cb24aaa64906f6d77c38d,bc1efaeb0a94427015bf1b360a9ed5013c1959c7be0f97eacee15e97fa4d5345,actual-pre-erode,natural-1504,natural,true,124600352,230278256,421394704,7,19e13139913e3ab371c6400a1c7c2c109d1d6fdfbe6cb24aaa64906f6d77c38d,8294400,1,0.4967001883586973,0,0,0,0.4987109375,1034127,19e13139913e3ab371c6400a1c7c2c109d1d6fdfbe6cb24aaa64906f6d77c38d,1039473,4,measured,1504,1054668709175625
64,true,1054668740667541,0.00340275,def4be0fb3fad44d0bba17f4ec87b34a29779692689a1e34b7c1d14c9890783d,3cd48e5b732947674c4a6e32824115b3e41ae92049a89938af339726f6f4ede5,actual-pre-erode,natural-1505,natural,true,124600352,230278256,421394704,8,def4be0fb3fad44d0bba17f4ec87b34a29779692689a1e34b7c1d14c9890783d,8294400,1,0.5260632195270778,0,0,0,0.5287456597222222,1096407,def4be0fb3fad44d0bba17f4ec87b34a29779692689a1e34b7c1d14c9890783d,977193,4,measured,1505,1054668737264791
65,true,1054668768808916,0.005845375,4884d6f9f54612fb41275b8e8d13cddd2192972bfafae0abaa4314560ed442e6,6c5f8a443a7b5b54701f1a7774dac18df1a092494a23d814bdd77e6c6bbe710b,actual-pre-erode,natural-1506,natural,true,124600352,230278256,421394704,9,4884d6f9f54612fb41275b8e8d13cddd2192972bfafae0abaa4314560ed442e6,8294400,1,0.4329532932854955,0,0,0,0.4353197337962963,902679,4884d6f9f54612fb41275b8e8d13cddd2192972bfafae0abaa4314560ed442e6,1170921,4,measured,1506,1054668762963541
66,true,1054668797657208,0.006313458,4a85e0bcb8f464c66c75cb11c1eec19ea4773c4d0c27fb17ca25c0938dce94de,8c68fdeba1e149eae0336bbc5b4aecca6822250c7a21a8bcb8a057ee93d8da2f,actual-pre-erode,natural-1507,natural,true,124600352,230278256,421394704,10,4a85e0bcb8f464c66c75cb11c1eec19ea4773c4d0c27fb17ca25c0938dce94de,8294400,1,0.5346288507812772,0,0,0,0.5367033179012346,1112908,4a85e0bcb8f464c66c75cb11c1eec19ea4773c4d0c27fb17ca25c0938dce94de,960692,4,measured,1507,1054668791343750
67,true,1054668824342041,0.004275625,8a51d9d7f9968563b7dd371f289fda22b1230b08f8f427295bd9f3c4250275e5,8a51d9d7f9968563b7dd371f289fda22b1230b08f8f427295bd9f3c4250275e5,synthetic,all-positive,synthetic,true,124600352,230278256,421394704,11,8a51d9d7f9968563b7dd371f289fda22b1230b08f8f427295bd9f3c4250275e5,8294400,0.875,0.4999996383101852,0.125,0,0,1,2073600,8a51d9d7f9968563b7dd371f289fda22b1230b08f8f427295bd9f3c4250275e5,0,4,measured,null,1054668820066416
68,true,1054668853514708,0.007324375,2925f3cdc8173bf2ceb5c91d1bc8f9ad294f4b952c68c3bcada8b61c29b404ed,80a6d83d82542a5c2fca9e35e10a611b62695ff07a8d290907159ff9876b37e8,synthetic,sparse-invalid,synthetic,true,124600352,230278256,421394704,12,2925f3cdc8173bf2ceb5c91d1bc8f9ad294f4b952c68c3bcada8b61c29b404ed,8294400,0.875,0.4977750651041667,0,0,0,0.995550250771605,2064373,2925f3cdc8173bf2ceb5c91d1bc8f9ad294f4b952c68c3bcada8b61c29b404ed,9227,4,measured,null,1054668846190333
69,true,1054668876167083,0.001170708,788ae0147bdf979a6575938ca2d7d4403788588f7be2010f03776c968fd1ab49,863b06634ceb4d3448bd4b50416825b3de7c01f07ab7f5f7272101def693195b,synthetic,dense-invalid,synthetic,true,124600352,230278256,421394704,13,788ae0147bdf979a6575938ca2d7d4403788588f7be2010f03776c968fd1ab49,8294400,0,0,0,0,0,0,0,788ae0147bdf979a6575938ca2d7d4403788588f7be2010f03776c968fd1ab49,2073600,4,measured,null,1054668874996375
70,true,1054668900233458,0.001494458,788ae0147bdf979a6575938ca2d7d4403788588f7be2010f03776c968fd1ab49,863b06634ceb4d3448bd4b50416825b3de7c01f07ab7f5f7272101def693195b,synthetic,dense-invalid,synthetic,true,124600352,230278256,421394704,0,788ae0147bdf979a6575938ca2d7d4403788588f7be2010f03776c968fd1ab49,8294400,0,0,0,0,0,0,0,788ae0147bdf979a6575938ca2d7d4403788588f7be2010f03776c968fd1ab49,2073600,5,measured,null,1054668898739000
71,true,1054668930477541,0.007829166,2925f3cdc8173bf2ceb5c91d1bc8f9ad294f4b952c68c3bcada8b61c29b404ed,80a6d83d82542a5c2fca9e35e10a611b62695ff07a8d290907159ff9876b37e8,synthetic,sparse-invalid,synthetic,true,124600352,230278256,421394704,1,2925f3cdc8173bf2ceb5c91d1bc8f9ad294f4b952c68c3bcada8b61c29b404ed,8294400,0.875,0.4977750651041667,0,0,0,0.995550250771605,2064373,2925f3cdc8173bf2ceb5c91d1bc8f9ad294f4b952c68c3bcada8b61c29b404ed,9227,5,measured,null,1054668922648375
72,true,1054668956062000,0.004075875,8a51d9d7f9968563b7dd371f289fda22b1230b08f8f427295bd9f3c4250275e5,8a51d9d7f9968563b7dd371f289fda22b1230b08f8f427295bd9f3c4250275e5,synthetic,all-positive,synthetic,true,124600352,230278256,421394704,2,8a51d9d7f9968563b7dd371f289fda22b1230b08f8f427295bd9f3c4250275e5,8294400,0.875,0.4999996383101852,0.125,0,0,1,2073600,8a51d9d7f9968563b7dd371f289fda22b1230b08f8f427295bd9f3c4250275e5,0,5,measured,null,1054668951986125
73,true,1054668980670750,0.003439042,4a85e0bcb8f464c66c75cb11c1eec19ea4773c4d0c27fb17ca25c0938dce94de,8c68fdeba1e149eae0336bbc5b4aecca6822250c7a21a8bcb8a057ee93d8da2f,actual-pre-erode,natural-1507,natural,true,124600352,230278256,421394704,3,4a85e0bcb8f464c66c75cb11c1eec19ea4773c4d0c27fb17ca25c0938dce94de,8294400,1,0.5346288507812772,0,0,0,0.5367033179012346,1112908,4a85e0bcb8f464c66c75cb11c1eec19ea4773c4d0c27fb17ca25c0938dce94de,960692,5,measured,1507,1054668977231708
74,true,1054669009183625,0.00551725,4884d6f9f54612fb41275b8e8d13cddd2192972bfafae0abaa4314560ed442e6,6c5f8a443a7b5b54701f1a7774dac18df1a092494a23d814bdd77e6c6bbe710b,actual-pre-erode,natural-1506,natural,true,124600352,230278256,421394704,4,4884d6f9f54612fb41275b8e8d13cddd2192972bfafae0abaa4314560ed442e6,8294400,1,0.4329532932854955,0,0,0,0.4353197337962963,902679,4884d6f9f54612fb41275b8e8d13cddd2192972bfafae0abaa4314560ed442e6,1170921,5,measured,1506,1054669003666375
75,true,1054669040033583,0.006130208,def4be0fb3fad44d0bba17f4ec87b34a29779692689a1e34b7c1d14c9890783d,3cd48e5b732947674c4a6e32824115b3e41ae92049a89938af339726f6f4ede5,actual-pre-erode,natural-1505,natural,true,124600352,230278256,421394704,5,def4be0fb3fad44d0bba17f4ec87b34a29779692689a1e34b7c1d14c9890783d,8294400,1,0.5260632195270778,0,0,0,0.5287456597222222,1096407,def4be0fb3fad44d0bba17f4ec87b34a29779692689a1e34b7c1d14c9890783d,977193,5,measured,1505,1054669033903375
76,true,1054669066851833,0.003262875,19e13139913e3ab371c6400a1c7c2c109d1d6fdfbe6cb24aaa64906f6d77c38d,bc1efaeb0a94427015bf1b360a9ed5013c1959c7be0f97eacee15e97fa4d5345,actual-pre-erode,natural-1504,natural,true,124600352,230278256,421394704,6,19e13139913e3ab371c6400a1c7c2c109d1d6fdfbe6cb24aaa64906f6d77c38d,8294400,1,0.4967001883586973,0,0,0,0.4987109375,1034127,19e13139913e3ab371c6400a1c7c2c109d1d6fdfbe6cb24aaa64906f6d77c38d,1039473,5,measured,1504,1054669063588958
77,true,1054669096646166,0.006244208,258955f94ba510e2de8a6b14dfe07f10e1b6ab8e7d73c54fe6bc36c37eaa3d6d,cb432adf0baf47a4e0ed095cc7d823427738c5aa006135d016d6ae9ddee87899,actual-pre-erode,natural-1503,natural,true,124600352,230278256,421394704,7,258955f94ba510e2de8a6b14dfe07f10e1b6ab8e7d73c54fe6bc36c37eaa3d6d,8294400,1,0.5558029466185292,0,0,0,0.5594878472222222,1160154,258955f94ba510e2de8a6b14dfe07f10e1b6ab8e7d73c54fe6bc36c37eaa3d6d,913446,5,measured,1503,1054669090401958
78,true,1054669123685333,0.003474792,a1dc46082a3247c370a0bea80eac8a6a710ea1d6c4447263d927751d18344a45,80fb7b59839bc3ef553ea700cca4948213992df8929b065322b349df5c2b9974,actual-pre-erode,natural-1502,natural,true,124600352,230278256,421394704,8,a1dc46082a3247c370a0bea80eac8a6a710ea1d6c4447263d927751d18344a45,8294400,1,0.5464105376980998,0,0,0,0.5487823109567901,1137955,a1dc46082a3247c370a0bea80eac8a6a710ea1d6c4447263d927751d18344a45,935645,5,measured,1502,1054669120210541
79,true,1054669150456333,0.003705375,7e53933ec6ffad34b19572512b6e4dd79cdf79d53cce1b9679f28641c8345004,10a50f2709cccd846b33cda5498a15b41ad61332e2284bd7c8a188f4134d4c12,actual-pre-erode,natural-1501,natural,true,124600352,230278256,421394704,9,7e53933ec6ffad34b19572512b6e4dd79cdf79d53cce1b9679f28641c8345004,8294400,1,0.6434173492906502,0,0,0,0.6461193094135802,1339793,7e53933ec6ffad34b19572512b6e4dd79cdf79d53cce1b9679f28641c8345004,733807,5,measured,1501,1054669146750958
80,true,1054669180562500,0.00667775,ff2eeb16566030b9dd06a8c01bbf967fa94070c40acdbbea6a0d2dc48c7167eb,a1831330a8b322484403fd9244f7cff12dcec82bc068b0215790e84a55edb66c,actual-pre-erode,natural-1500,natural,true,124600352,230278256,421394704,10,ff2eeb16566030b9dd06a8c01bbf967fa94070c40acdbbea6a0d2dc48c7167eb,8294400,1,0.6108848549398807,0,0,0,0.6125993441358024,1270286,ff2eeb16566030b9dd06a8c01bbf967fa94070c40acdbbea6a0d2dc48c7167eb,803314,5,measured,1500,1054669173884750
81,true,1054669210500208,0.004730917,e4d7d9ae97135d7dc185243b19490a1f40bcca651cf2b759538db368bedc01b7,189292e00661ef089f37c248b608e927d6ac2828d78ec57b3b8a070aee243ef1,actual-pre-erode,natural-1499,natural,true,124600352,230278256,421394704,11,e4d7d9ae97135d7dc185243b19490a1f40bcca651cf2b759538db368bedc01b7,8294400,1,0.6057567670294466,0,0,0,0.6072608024691358,1259216,e4d7d9ae97135d7dc185243b19490a1f40bcca651cf2b759538db368bedc01b7,814384,5,measured,1499,1054669205769291
82,true,1054669243259875,0.001828584,788ae0147bdf979a6575938ca2d7d4403788588f7be2010f03776c968fd1ab49,788ae0147bdf979a6575938ca2d7d4403788588f7be2010f03776c968fd1ab49,actual-pre-erode,natural-1498,natural,true,124600352,230278256,421394704,12,788ae0147bdf979a6575938ca2d7d4403788588f7be2010f03776c968fd1ab49,8294400,0,0,0,0,0,0,0,788ae0147bdf979a6575938ca2d7d4403788588f7be2010f03776c968fd1ab49,2073600,5,measured,1498,1054669241431291
83,true,1054669271257291,0.003924666,ff24d7286b3978166808fccb18ded53d06f8a0687fe03a9af73eba1e698dc25c,7389257eb62b35d1311f9027f2cc088363fdef9f52406398a05024e96ca7634f,actual-pre-erode,natural-1497,natural,true,124600352,230278256,421394704,13,ff24d7286b3978166808fccb18ded53d06f8a0687fe03a9af73eba1e698dc25c,8294400,1,0.5580001935950686,0,0,0,0.5587991898148148,1158726,ff24d7286b3978166808fccb18ded53d06f8a0687fe03a9af73eba1e698dc25c,914874,5,measured,1497,1054669267332625
84,true,1054669301001750,0.00620175,ff24d7286b3978166808fccb18ded53d06f8a0687fe03a9af73eba1e698dc25c,7389257eb62b35d1311f9027f2cc088363fdef9f52406398a05024e96ca7634f,actual-pre-erode,natural-1497,natural,true,124600352,230278256,421394704,0,ff24d7286b3978166808fccb18ded53d06f8a0687fe03a9af73eba1e698dc25c,8294400,1,0.5580001935950686,0,0,0,0.5587991898148148,1158726,ff24d7286b3978166808fccb18ded53d06f8a0687fe03a9af73eba1e698dc25c,914874,6,measured,1497,1054669294800000
85,true,1054669324597875,0.001465167,788ae0147bdf979a6575938ca2d7d4403788588f7be2010f03776c968fd1ab49,788ae0147bdf979a6575938ca2d7d4403788588f7be2010f03776c968fd1ab49,actual-pre-erode,natural-1498,natural,true,124600352,230278256,421394704,1,788ae0147bdf979a6575938ca2d7d4403788588f7be2010f03776c968fd1ab49,8294400,0,0,0,0,0,0,0,788ae0147bdf979a6575938ca2d7d4403788588f7be2010f03776c968fd1ab49,2073600,6,measured,1498,1054669323132708
86,true,1054669353226833,0.006213833,e4d7d9ae97135d7dc185243b19490a1f40bcca651cf2b759538db368bedc01b7,189292e00661ef089f37c248b608e927d6ac2828d78ec57b3b8a070aee243ef1,actual-pre-erode,natural-1499,natural,true,124600352,230278256,421394704,2,e4d7d9ae97135d7dc185243b19490a1f40bcca651cf2b759538db368bedc01b7,8294400,1,0.6057567670294466,0,0,0,0.6072608024691358,1259216,e4d7d9ae97135d7dc185243b19490a1f40bcca651cf2b759538db368bedc01b7,814384,6,measured,1499,1054669347013000
87,true,1054669379532500,0.00355,ff2eeb16566030b9dd06a8c01bbf967fa94070c40acdbbea6a0d2dc48c7167eb,a1831330a8b322484403fd9244f7cff12dcec82bc068b0215790e84a55edb66c,actual-pre-erode,natural-1500,natural,true,124600352,230278256,421394704,3,ff2eeb16566030b9dd06a8c01bbf967fa94070c40acdbbea6a0d2dc48c7167eb,8294400,1,0.6108848549398807,0,0,0,0.6125993441358024,1270286,ff2eeb16566030b9dd06a8c01bbf967fa94070c40acdbbea6a0d2dc48c7167eb,803314,6,measured,1500,1054669375982500
88,true,1054669405638958,0.0037405,7e53933ec6ffad34b19572512b6e4dd79cdf79d53cce1b9679f28641c8345004,10a50f2709cccd846b33cda5498a15b41ad61332e2284bd7c8a188f4134d4c12,actual-pre-erode,natural-1501,natural,true,124600352,230278256,421394704,4,7e53933ec6ffad34b19572512b6e4dd79cdf79d53cce1b9679f28641c8345004,8294400,1,0.6434173492906502,0,0,0,0.6461193094135802,1339793,7e53933ec6ffad34b19572512b6e4dd79cdf79d53cce1b9679f28641c8345004,733807,6,measured,1501,1054669401898458
89,true,1054669431651208,0.00341,a1dc46082a3247c370a0bea80eac8a6a710ea1d6c4447263d927751d18344a45,80fb7b59839bc3ef553ea700cca4948213992df8929b065322b349df5c2b9974,actual-pre-erode,natural-1502,natural,true,124600352,230278256,421394704,5,a1dc46082a3247c370a0bea80eac8a6a710ea1d6c4447263d927751d18344a45,8294400,1,0.5464105376980998,0,0,0,0.5487823109567901,1137955,a1dc46082a3247c370a0bea80eac8a6a710ea1d6c4447263d927751d18344a45,935645,6,measured,1502,1054669428241208
90,true,1054669460833000,0.006438625,258955f94ba510e2de8a6b14dfe07f10e1b6ab8e7d73c54fe6bc36c37eaa3d6d,cb432adf0baf47a4e0ed095cc7d823427738c5aa006135d016d6ae9ddee87899,actual-pre-erode,natural-1503,natural,true,124600352,230278256,421394704,6,258955f94ba510e2de8a6b14dfe07f10e1b6ab8e7d73c54fe6bc36c37eaa3d6d,8294400,1,0.5558029466185292,0,0,0,0.5594878472222222,1160154,258955f94ba510e2de8a6b14dfe07f10e1b6ab8e7d73c54fe6bc36c37eaa3d6d,913446,6,measured,1503,1054669454394375
91,true,1054669486393916,0.00329625,19e13139913e3ab371c6400a1c7c2c109d1d6fdfbe6cb24aaa64906f6d77c38d,bc1efaeb0a94427015bf1b360a9ed5013c1959c7be0f97eacee15e97fa4d5345,actual-pre-erode,natural-1504,natural,true,124600352,230278256,421394704,7,19e13139913e3ab371c6400a1c7c2c109d1d6fdfbe6cb24aaa64906f6d77c38d,8294400,1,0.4967001883586973,0,0,0,0.4987109375,1034127,19e13139913e3ab371c6400a1c7c2c109d1d6fdfbe6cb24aaa64906f6d77c38d,1039473,6,measured,1504,1054669483097666
92,true,1054669514626250,0.00589075,def4be0fb3fad44d0bba17f4ec87b34a29779692689a1e34b7c1d14c9890783d,3cd48e5b732947674c4a6e32824115b3e41ae92049a89938af339726f6f4ede5,actual-pre-erode,natural-1505,natural,true,124600352,230278256,421394704,8,def4be0fb3fad44d0bba17f4ec87b34a29779692689a1e34b7c1d14c9890783d,8294400,1,0.5260632195270778,0,0,0,0.5287456597222222,1096407,def4be0fb3fad44d0bba17f4ec87b34a29779692689a1e34b7c1d14c9890783d,977193,6,measured,1505,1054669508735500
93,true,1054669540095125,0.003093792,4884d6f9f54612fb41275b8e8d13cddd2192972bfafae0abaa4314560ed442e6,6c5f8a443a7b5b54701f1a7774dac18df1a092494a23d814bdd77e6c6bbe710b,actual-pre-erode,natural-1506,natural,true,124600352,230278256,421394704,9,4884d6f9f54612fb41275b8e8d13cddd2192972bfafae0abaa4314560ed442e6,8294400,1,0.4329532932854955,0,0,0,0.4353197337962963,902679,4884d6f9f54612fb41275b8e8d13cddd2192972bfafae0abaa4314560ed442e6,1170921,6,measured,1506,1054669537001333
94,true,1054669568646666,0.006232583,4a85e0bcb8f464c66c75cb11c1eec19ea4773c4d0c27fb17ca25c0938dce94de,8c68fdeba1e149eae0336bbc5b4aecca6822250c7a21a8bcb8a057ee93d8da2f,actual-pre-erode,natural-1507,natural,true,124600352,230278256,421394704,10,4a85e0bcb8f464c66c75cb11c1eec19ea4773c4d0c27fb17ca25c0938dce94de,8294400,1,0.5346288507812772,0,0,0,0.5367033179012346,1112908,4a85e0bcb8f464c66c75cb11c1eec19ea4773c4d0c27fb17ca25c0938dce94de,960692,6,measured,1507,1054669562414083
95,true,1054669599345416,0.007977791,8a51d9d7f9968563b7dd371f289fda22b1230b08f8f427295bd9f3c4250275e5,8a51d9d7f9968563b7dd371f289fda22b1230b08f8f427295bd9f3c4250275e5,synthetic,all-positive,synthetic,true,124600352,230278256,421394704,11,8a51d9d7f9968563b7dd371f289fda22b1230b08f8f427295bd9f3c4250275e5,8294400,0.875,0.4999996383101852,0.125,0,0,1,2073600,8a51d9d7f9968563b7dd371f289fda22b1230b08f8f427295bd9f3c4250275e5,0,6,measured,null,1054669591367625
96,true,1054669626194916,0.004272416,2925f3cdc8173bf2ceb5c91d1bc8f9ad294f4b952c68c3bcada8b61c29b404ed,80a6d83d82542a5c2fca9e35e10a611b62695ff07a8d290907159ff9876b37e8,synthetic,sparse-invalid,synthetic,true,124600352,230278256,421394704,12,2925f3cdc8173bf2ceb5c91d1bc8f9ad294f4b952c68c3bcada8b61c29b404ed,8294400,0.875,0.4977750651041667,0,0,0,0.995550250771605,2064373,2925f3cdc8173bf2ceb5c91d1bc8f9ad294f4b952c68c3bcada8b61c29b404ed,9227,6,measured,null,1054669621922500
97,true,1054669649978541,0.001304708,788ae0147bdf979a6575938ca2d7d4403788588f7be2010f03776c968fd1ab49,863b06634ceb4d3448bd4b50416825b3de7c01f07ab7f5f7272101def693195b,synthetic,dense-invalid,synthetic,true,124600352,230278256,421394704,13,788ae0147bdf979a6575938ca2d7d4403788588f7be2010f03776c968fd1ab49,8294400,0,0,0,0,0,0,0,788ae0147bdf979a6575938ca2d7d4403788588f7be2010f03776c968fd1ab49,2073600,6,measured,null,1054669648673833
98,true,1054669675507125,0.001212209,788ae0147bdf979a6575938ca2d7d4403788588f7be2010f03776c968fd1ab49,863b06634ceb4d3448bd4b50416825b3de7c01f07ab7f5f7272101def693195b,synthetic,dense-invalid,synthetic,true,124600352,230278256,421394704,0,788ae0147bdf979a6575938ca2d7d4403788588f7be2010f03776c968fd1ab49,8294400,0,0,0,0,0,0,0,788ae0147bdf979a6575938ca2d7d4403788588f7be2010f03776c968fd1ab49,2073600,7,measured,null,1054669674294916
99,true,1054669707398041,0.007786041,2925f3cdc8173bf2ceb5c91d1bc8f9ad294f4b952c68c3bcada8b61c29b404ed,80a6d83d82542a5c2fca9e35e10a611b62695ff07a8d290907159ff9876b37e8,synthetic,sparse-invalid,synthetic,true,124600352,230278256,421394704,1,2925f3cdc8173bf2ceb5c91d1bc8f9ad294f4b952c68c3bcada8b61c29b404ed,8294400,0.875,0.4977750651041667,0,0,0,0.995550250771605,2064373,2925f3cdc8173bf2ceb5c91d1bc8f9ad294f4b952c68c3bcada8b61c29b404ed,9227,7,measured,null,1054669699612000
100,true,1054669738293583,0.008102125,8a51d9d7f9968563b7dd371f289fda22b1230b08f8f427295bd9f3c4250275e5,8a51d9d7f9968563b7dd371f289fda22b1230b08f8f427295bd9f3c4250275e5,synthetic,all-positive,synthetic,true,124600352,230278256,421394704,2,8a51d9d7f9968563b7dd371f289fda22b1230b08f8f427295bd9f3c4250275e5,8294400,0.875,0.4999996383101852,0.125,0,0,1,2073600,8a51d9d7f9968563b7dd371f289fda22b1230b08f8f427295bd9f3c4250275e5,0,7,measured,null,1054669730191458
101,true,1054669768418541,0.005606083,4a85e0bcb8f464c66c75cb11c1eec19ea4773c4d0c27fb17ca25c0938dce94de,8c68fdeba1e149eae0336bbc5b4aecca6822250c7a21a8bcb8a057ee93d8da2f,actual-pre-erode,natural-1507,natural,true,124600352,230278256,421394704,3,4a85e0bcb8f464c66c75cb11c1eec19ea4773c4d0c27fb17ca25c0938dce94de,8294400,1,0.5346288507812772,0,0,0,0.5367033179012346,1112908,4a85e0bcb8f464c66c75cb11c1eec19ea4773c4d0c27fb17ca25c0938dce94de,960692,7,measured,1507,1054669762812458
102,true,1054669794004166,0.003089708,4884d6f9f54612fb41275b8e8d13cddd2192972bfafae0abaa4314560ed442e6,6c5f8a443a7b5b54701f1a7774dac18df1a092494a23d814bdd77e6c6bbe710b,actual-pre-erode,natural-1506,natural,true,124600352,230278256,421394704,4,4884d6f9f54612fb41275b8e8d13cddd2192972bfafae0abaa4314560ed442e6,8294400,1,0.4329532932854955,0,0,0,0.4353197337962963,902679,4884d6f9f54612fb41275b8e8d13cddd2192972bfafae0abaa4314560ed442e6,1170921,7,measured,1506,1054669790914458
103,true,1054669824018458,0.006737875,def4be0fb3fad44d0bba17f4ec87b34a29779692689a1e34b7c1d14c9890783d,3cd48e5b732947674c4a6e32824115b3e41ae92049a89938af339726f6f4ede5,actual-pre-erode,natural-1505,natural,true,124600352,230278256,421394704,5,def4be0fb3fad44d0bba17f4ec87b34a29779692689a1e34b7c1d14c9890783d,8294400,1,0.5260632195270778,0,0,0,0.5287456597222222,1096407,def4be0fb3fad44d0bba17f4ec87b34a29779692689a1e34b7c1d14c9890783d,977193,7,measured,1505,1054669817280583
104,true,1054669849673541,0.003222,19e13139913e3ab371c6400a1c7c2c109d1d6fdfbe6cb24aaa64906f6d77c38d,bc1efaeb0a94427015bf1b360a9ed5013c1959c7be0f97eacee15e97fa4d5345,actual-pre-erode,natural-1504,natural,true,124600352,230278256,421394704,6,19e13139913e3ab371c6400a1c7c2c109d1d6fdfbe6cb24aaa64906f6d77c38d,8294400,1,0.4967001883586973,0,0,0,0.4987109375,1034127,19e13139913e3ab371c6400a1c7c2c109d1d6fdfbe6cb24aaa64906f6d77c38d,1039473,7,measured,1504,1054669846451541
105,true,1054669878147791,0.00618075,258955f94ba510e2de8a6b14dfe07f10e1b6ab8e7d73c54fe6bc36c37eaa3d6d,cb432adf0baf47a4e0ed095cc7d823427738c5aa006135d016d6ae9ddee87899,actual-pre-erode,natural-1503,natural,true,124600352,230278256,421394704,7,258955f94ba510e2de8a6b14dfe07f10e1b6ab8e7d73c54fe6bc36c37eaa3d6d,8294400,1,0.5558029466185292,0,0,0,0.5594878472222222,1160154,258955f94ba510e2de8a6b14dfe07f10e1b6ab8e7d73c54fe6bc36c37eaa3d6d,913446,7,measured,1503,1054669871967041
106,true,1054669905963833,0.004513375,a1dc46082a3247c370a0bea80eac8a6a710ea1d6c4447263d927751d18344a45,80fb7b59839bc3ef553ea700cca4948213992df8929b065322b349df5c2b9974,actual-pre-erode,natural-1502,natural,true,124600352,230278256,421394704,8,a1dc46082a3247c370a0bea80eac8a6a710ea1d6c4447263d927751d18344a45,8294400,1,0.5464105376980998,0,0,0,0.5487823109567901,1137955,a1dc46082a3247c370a0bea80eac8a6a710ea1d6c4447263d927751d18344a45,935645,7,measured,1502,1054669901450458
107,true,1054669935846416,0.006303708,7e53933ec6ffad34b19572512b6e4dd79cdf79d53cce1b9679f28641c8345004,10a50f2709cccd846b33cda5498a15b41ad61332e2284bd7c8a188f4134d4c12,actual-pre-erode,natural-1501,natural,true,124600352,230278256,421394704,9,7e53933ec6ffad34b19572512b6e4dd79cdf79d53cce1b9679f28641c8345004,8294400,1,0.6434173492906502,0,0,0,0.6461193094135802,1339793,7e53933ec6ffad34b19572512b6e4dd79cdf79d53cce1b9679f28641c8345004,733807,7,measured,1501,1054669929542708
108,true,1054669965680666,0.006560416,ff2eeb16566030b9dd06a8c01bbf967fa94070c40acdbbea6a0d2dc48c7167eb,a1831330a8b322484403fd9244f7cff12dcec82bc068b0215790e84a55edb66c,actual-pre-erode,natural-1500,natural,true,124600352,230278256,421394704,10,ff2eeb16566030b9dd06a8c01bbf967fa94070c40acdbbea6a0d2dc48c7167eb,8294400,1,0.6108848549398807,0,0,0,0.6125993441358024,1270286,ff2eeb16566030b9dd06a8c01bbf967fa94070c40acdbbea6a0d2dc48c7167eb,803314,7,measured,1500,1054669959120250
109,true,1054669994088833,0.005322292,e4d7d9ae97135d7dc185243b19490a1f40bcca651cf2b759538db368bedc01b7,189292e00661ef089f37c248b608e927d6ac2828d78ec57b3b8a070aee243ef1,actual-pre-erode,natural-1499,natural,true,124600352,230278256,421394704,11,e4d7d9ae97135d7dc185243b19490a1f40bcca651cf2b759538db368bedc01b7,8294400,1,0.6057567670294466,0,0,0,0.6072608024691358,1259216,e4d7d9ae97135d7dc185243b19490a1f40bcca651cf2b759538db368bedc01b7,814384,7,measured,1499,1054669988766541
110,true,1054670018337416,0.001316791,788ae0147bdf979a6575938ca2d7d4403788588f7be2010f03776c968fd1ab49,788ae0147bdf979a6575938ca2d7d4403788588f7be2010f03776c968fd1ab49,actual-pre-erode,natural-1498,natural,true,124600352,230278256,421394704,12,788ae0147bdf979a6575938ca2d7d4403788588f7be2010f03776c968fd1ab49,8294400,0,0,0,0,0,0,0,788ae0147bdf979a6575938ca2d7d4403788588f7be2010f03776c968fd1ab49,2073600,7,measured,1498,1054670017020625
111,true,1054670046213458,0.003310458,ff24d7286b3978166808fccb18ded53d06f8a0687fe03a9af73eba1e698dc25c,7389257eb62b35d1311f9027f2cc088363fdef9f52406398a05024e96ca7634f,actual-pre-erode,natural-1497,natural,true,124600352,230278256,421394704,13,ff24d7286b3978166808fccb18ded53d06f8a0687fe03a9af73eba1e698dc25c,8294400,1,0.5580001935950686,0,0,0,0.5587991898148148,1158726,ff24d7286b3978166808fccb18ded53d06f8a0687fe03a9af73eba1e698dc25c,914874,7,measured,1497,1054670042903000
