sourceFrameIndex,ptsValue,ptsTimescale,durationValue,durationTimescale,phase,generation,historyReset,usedModel,publicMotionRequested,region,residual,regionPixels,temporalSupportPixels,temporalUnavailableReason,signedMeanNits,meanAbsoluteNits,rmsNits,maximumAbsoluteNits,temporalSignedMeanNits,temporalMeanAbsoluteNits,temporalRmsNits,temporalMaximumAbsoluteNits
0,0,30,1,30,staticPreroll,1,True,True,automatic,background,enhancedMinusOriginal,434880,0,no previous frame,-4.054591437760635,4.75632873284932,44.58430492540008,1975.3985595703125,,,,
0,0,30,1,30,staticPreroll,1,True,True,automatic,background,identityMinusOriginal,434880,0,no previous frame,-2.1824517728418645e-10,4.213630444049718e-08,1.86970844704341e-07,1.9073486328125e-06,,,,
0,0,30,1,30,staticPreroll,1,True,True,automatic,foreground,enhancedMinusOriginal,83520,0,no previous frame,-0.6982259195107647,3.984299944708954,9.29531604048391,175.9825439453125,,,,
0,0,30,1,30,staticPreroll,1,True,True,automatic,foreground,identityMinusOriginal,83520,0,no previous frame,-7.631373740399629e-09,2.1883582703455198e-07,7.409539035351461e-07,3.814697265625e-06,,,,
0,0,30,1,30,staticPreroll,1,True,True,automatic,newlyRevealedBackground,enhancedMinusOriginal,0,0,empty region,,,,,,,,
0,0,30,1,30,staticPreroll,1,True,True,automatic,newlyRevealedBackground,identityMinusOriginal,0,0,empty region,,,,,,,,
0,0,30,1,30,staticPreroll,1,True,True,automatic,newViewportBackground,enhancedMinusOriginal,0,0,empty region,,,,,,,,
0,0,30,1,30,staticPreroll,1,True,True,automatic,newViewportBackground,identityMinusOriginal,0,0,empty region,,,,,,,,
1,1,30,1,30,staticPreroll,1,False,True,automatic,background,enhancedMinusOriginal,434880,434880,,-3.7054093021203762,4.406305317557593,40.24514608832143,1972.9595336914062,0.3491821356402589,0.4554235191222183,5.029867337890746,210.2498779296875
1,1,30,1,30,staticPreroll,1,False,True,automatic,background,identityMinusOriginal,434880,434880,,-2.1824517728418645e-10,4.213630444049718e-08,1.86970844704341e-07,1.9073486328125e-06,0.0,0.0,0.0,0.0
1,1,30,1,30,staticPreroll,1,False,True,automatic,foreground,enhancedMinusOriginal,83520,83520,,-1.040669388418225,3.633525124395868,8.82671250977819,178.50279235839844,-0.34244346890746025,0.5682971996237377,0.9232643327629434,9.048004150390625
1,1,30,1,30,staticPreroll,1,False,True,automatic,foreground,identityMinusOriginal,83520,83520,,-7.631373740399629e-09,2.1883582703455198e-07,7.409539035351461e-07,3.814697265625e-06,0.0,0.0,0.0,0.0
1,1,30,1,30,staticPreroll,1,False,True,automatic,newlyRevealedBackground,enhancedMinusOriginal,0,0,empty region,,,,,,,,
1,1,30,1,30,staticPreroll,1,False,True,automatic,newlyRevealedBackground,identityMinusOriginal,0,0,empty region,,,,,,,,
1,1,30,1,30,staticPreroll,1,False,True,automatic,newViewportBackground,enhancedMinusOriginal,0,0,empty region,,,,,,,,
1,1,30,1,30,staticPreroll,1,False,True,automatic,newViewportBackground,identityMinusOriginal,0,0,empty region,,,,,,,,
2,2,30,1,30,staticPreroll,1,False,True,automatic,background,enhancedMinusOriginal,434880,434880,,-4.0895069187976,4.809943394944996,45.01278067436496,1980.7528686523438,-0.38409761667722386,0.44272443348535173,5.529340853510003,208.666748046875
2,2,30,1,30,staticPreroll,1,False,True,automatic,background,identityMinusOriginal,434880,434880,,-2.1824517728418645e-10,4.213630444049718e-08,1.86970844704341e-07,1.9073486328125e-06,0.0,0.0,0.0,0.0
2,2,30,1,30,staticPreroll,1,False,True,automatic,foreground,enhancedMinusOriginal,83520,83520,,-1.1023291118999665,3.518342591627557,8.730292389042766,178.22601318359375,-0.061659723481741445,0.22703207769927167,0.4100401808616744,7.685760498046875
2,2,30,1,30,staticPreroll,1,False,True,automatic,foreground,identityMinusOriginal,83520,83520,,-7.631373740399629e-09,2.1883582703455198e-07,7.409539035351461e-07,3.814697265625e-06,0.0,0.0,0.0,0.0
2,2,30,1,30,staticPreroll,1,False,True,automatic,newlyRevealedBackground,enhancedMinusOriginal,0,0,empty region,,,,,,,,
2,2,30,1,30,staticPreroll,1,False,True,automatic,newlyRevealedBackground,identityMinusOriginal,0,0,empty region,,,,,,,,
2,2,30,1,30,staticPreroll,1,False,True,automatic,newViewportBackground,enhancedMinusOriginal,0,0,empty region,,,,,,,,
2,2,30,1,30,staticPreroll,1,False,True,automatic,newViewportBackground,identityMinusOriginal,0,0,empty region,,,,,,,,
3,3,30,1,30,staticPreroll,1,False,True,automatic,background,enhancedMinusOriginal,434880,434880,,-4.148352779362006,4.841265304153752,45.27850688487169,1973.35791015625,-0.05884586056440549,0.17239963373405395,1.6096385984700816,108.4664306640625
3,3,30,1,30,staticPreroll,1,False,True,automatic,background,identityMinusOriginal,434880,434880,,-2.1824517728418645e-10,4.213630444049718e-08,1.86970844704341e-07,1.9073486328125e-06,0.0,0.0,0.0,0.0
3,3,30,1,30,staticPreroll,1,False,True,automatic,foreground,enhancedMinusOriginal,83520,83520,,-1.3442463034461818,3.526280954422127,8.849535485894329,178.2101287841797,-0.24191719154621524,0.2625469322172428,0.43654689844712746,9.48577880859375
3,3,30,1,30,staticPreroll,1,False,True,automatic,foreground,identityMinusOriginal,83520,83520,,-7.631373740399629e-09,2.1883582703455198e-07,7.409539035351461e-07,3.814697265625e-06,0.0,0.0,0.0,0.0
3,3,30,1,30,staticPreroll,1,False,True,automatic,newlyRevealedBackground,enhancedMinusOriginal,0,0,empty region,,,,,,,,
3,3,30,1,30,staticPreroll,1,False,True,automatic,newlyRevealedBackground,identityMinusOriginal,0,0,empty region,,,,,,,,
3,3,30,1,30,staticPreroll,1,False,True,automatic,newViewportBackground,enhancedMinusOriginal,0,0,empty region,,,,,,,,
3,3,30,1,30,staticPreroll,1,False,True,automatic,newViewportBackground,identityMinusOriginal,0,0,empty region,,,,,,,,
4,4,30,1,30,staticPreroll,1,False,True,automatic,background,enhancedMinusOriginal,434880,434880,,-3.8109318973868174,4.523556499308515,41.76085141138289,1963.7659912109375,0.3374208819751884,0.370306625925965,4.080890577040651,158.891357421875
4,4,30,1,30,staticPreroll,1,False,True,automatic,background,identityMinusOriginal,434880,434880,,-2.1824517728418645e-10,4.213630444049718e-08,1.86970844704341e-07,1.9073486328125e-06,0.0,0.0,0.0,0.0
4,4,30,1,30,staticPreroll,1,False,True,automatic,foreground,enhancedMinusOriginal,83520,83520,,-1.401824262109258,3.5089800373452453,8.961156201533807,177.63697814941406,-0.05757795866307628,0.17091877299478683,0.3581108785686572,7.1007080078125
4,4,30,1,30,staticPreroll,1,False,True,automatic,foreground,identityMinusOriginal,83520,83520,,-7.631373740399629e-09,2.1883582703455198e-07,7.409539035351461e-07,3.814697265625e-06,0.0,0.0,0.0,0.0
4,4,30,1,30,staticPreroll,1,False,True,automatic,newlyRevealedBackground,enhancedMinusOriginal,0,0,empty region,,,,,,,,
4,4,30,1,30,staticPreroll,1,False,True,automatic,newlyRevealedBackground,identityMinusOriginal,0,0,empty region,,,,,,,,
4,4,30,1,30,staticPreroll,1,False,True,automatic,newViewportBackground,enhancedMinusOriginal,0,0,empty region,,,,,,,,
4,4,30,1,30,staticPreroll,1,False,True,automatic,newViewportBackground,identityMinusOriginal,0,0,empty region,,,,,,,,
5,5,30,1,30,staticPreroll,1,False,True,automatic,background,enhancedMinusOriginal,434880,434880,,-4.101642827684986,4.816566943453918,45.02586740560897,1995.9075927734375,-0.29071093029816875,0.3412523830901352,3.922086944487227,180.0911865234375
5,5,30,1,30,staticPreroll,1,False,True,automatic,background,identityMinusOriginal,434880,434880,,-2.1824517728418645e-10,4.213630444049718e-08,1.86970844704341e-07,1.9073486328125e-06,0.0,0.0,0.0,0.0
5,5,30,1,30,staticPreroll,1,False,True,automatic,foreground,enhancedMinusOriginal,83520,83520,,-1.3910249716396494,3.3850526437577275,8.903270389085995,178.74317932128906,0.010799290469608544,0.21225997223298745,0.38693936176506144,7.753875732421875
5,5,30,1,30,staticPreroll,1,False,True,automatic,foreground,identityMinusOriginal,83520,83520,,-7.631373740399629e-09,2.1883582703455198e-07,7.409539035351461e-07,3.814697265625e-06,0.0,0.0,0.0,0.0
5,5,30,1,30,staticPreroll,1,False,True,automatic,newlyRevealedBackground,enhancedMinusOriginal,0,0,empty region,,,,,,,,
5,5,30,1,30,staticPreroll,1,False,True,automatic,newlyRevealedBackground,identityMinusOriginal,0,0,empty region,,,,,,,,
5,5,30,1,30,staticPreroll,1,False,True,automatic,newViewportBackground,enhancedMinusOriginal,0,0,empty region,,,,,,,,
5,5,30,1,30,staticPreroll,1,False,True,automatic,newViewportBackground,identityMinusOriginal,0,0,empty region,,,,,,,,
6,6,30,1,30,staticPreroll,1,False,True,automatic,background,enhancedMinusOriginal,434880,434880,,-3.884538413221996,4.598564226040115,42.37467890120805,1962.9757690429688,0.21710441446298984,0.31700976904140954,3.342995402425908,180.5850830078125
6,6,30,1,30,staticPreroll,1,False,True,automatic,background,identityMinusOriginal,434880,434880,,-2.1824517728418645e-10,4.213630444049718e-08,1.86970844704341e-07,1.9073486328125e-06,0.0,0.0,0.0,0.0
6,6,30,1,30,staticPreroll,1,False,True,automatic,foreground,enhancedMinusOriginal,83520,83520,,-1.3059879342819616,3.5137255027347827,8.868342108906106,178.5425262451172,0.08503703735768794,0.24582975206998953,0.4565094212611289,8.92047119140625
6,6,30,1,30,staticPreroll,1,False,True,automatic,foreground,identityMinusOriginal,83520,83520,,-7.631373740399629e-09,2.1883582703455198e-07,7.409539035351461e-07,3.814697265625e-06,0.0,0.0,0.0,0.0
6,6,30,1,30,staticPreroll,1,False,True,automatic,newlyRevealedBackground,enhancedMinusOriginal,0,0,empty region,,,,,,,,
6,6,30,1,30,staticPreroll,1,False,True,automatic,newlyRevealedBackground,identityMinusOriginal,0,0,empty region,,,,,,,,
6,6,30,1,30,staticPreroll,1,False,True,automatic,newViewportBackground,enhancedMinusOriginal,0,0,empty region,,,,,,,,
6,6,30,1,30,staticPreroll,1,False,True,automatic,newViewportBackground,identityMinusOriginal,0,0,empty region,,,,,,,,
7,7,30,1,30,staticPreroll,1,False,True,automatic,background,enhancedMinusOriginal,434880,434880,,-4.412921411457108,5.13957837151133,47.82130328105774,1996.4398803710938,-0.5283829982351126,0.5575052082954114,6.1728673482813115,219.0682373046875
7,7,30,1,30,staticPreroll,1,False,True,automatic,background,identityMinusOriginal,434880,434880,,-2.1824517728418645e-10,4.213630444049718e-08,1.86970844704341e-07,1.9073486328125e-06,0.0,0.0,0.0,0.0
7,7,30,1,30,staticPreroll,1,False,True,automatic,foreground,enhancedMinusOriginal,83520,83520,,-1.349588398937978,3.4739826066626445,8.843507590406698,178.5016632080078,-0.04360046465601653,0.159500665194801,0.342656648969959,9.51397705078125
7,7,30,1,30,staticPreroll,1,False,True,automatic,foreground,identityMinusOriginal,83520,83520,,-7.631373740399629e-09,2.1883582703455198e-07,7.409539035351461e-07,3.814697265625e-06,0.0,0.0,0.0,0.0
7,7,30,1,30,staticPreroll,1,False,True,automatic,newlyRevealedBackground,enhancedMinusOriginal,0,0,empty region,,,,,,,,
7,7,30,1,30,staticPreroll,1,False,True,automatic,newlyRevealedBackground,identityMinusOriginal,0,0,empty region,,,,,,,,
7,7,30,1,30,staticPreroll,1,False,True,automatic,newViewportBackground,enhancedMinusOriginal,0,0,empty region,,,,,,,,
7,7,30,1,30,staticPreroll,1,False,True,automatic,newViewportBackground,identityMinusOriginal,0,0,empty region,,,,,,,,
8,8,30,1,30,panAndOcclusion,1,False,True,automatic,background,enhancedMinusOriginal,434880,421200,,-3.843375610405535,4.68251504068329,42.07924428179639,1963.3767700195312,0.5823860155918463,0.7561854959495753,6.9036960753721095,466.1019287109375
8,8,30,1,30,panAndOcclusion,1,False,True,automatic,background,identityMinusOriginal,434880,421200,,-1.9325457398201983e-10,4.158363290823702e-08,1.8456515866932658e-07,1.9073486328125e-06,0.0,0.0,0.0,0.0
8,8,30,1,30,panAndOcclusion,1,False,True,automatic,foreground,enhancedMinusOriginal,83520,83520,,-0.6300345506909212,3.3220139966495004,8.439148022159781,179.95993041992188,0.7195538482470569,0.8296554350262059,1.1877151548066665,24.99078369140625
8,8,30,1,30,panAndOcclusion,1,False,True,automatic,foreground,identityMinusOriginal,83520,83520,,-7.631373740399629e-09,2.1883582703455198e-07,7.409539035351461e-07,3.814697265625e-06,0.0,0.0,0.0,0.0
8,8,30,1,30,panAndOcclusion,1,False,True,automatic,newlyRevealedBackground,enhancedMinusOriginal,10440,0,no visible same-material predecessor,0.0672485512144873,0.9890462122010697,1.5358615515357796,8.447980880737305,,,,
8,8,30,1,30,panAndOcclusion,1,False,True,automatic,newlyRevealedBackground,identityMinusOriginal,10440,0,no visible same-material predecessor,-1.1418514324787475e-10,8.190880942314216e-08,2.4433420090861664e-07,9.5367431640625e-07,,,,
8,8,30,1,30,panAndOcclusion,1,False,True,automatic,newViewportBackground,enhancedMinusOriginal,3240,0,no visible same-material predecessor,0.3643823998087228,0.3643823998087228,0.36999705381523074,0.5459146499633789,,,,
8,8,30,1,30,panAndOcclusion,1,False,True,automatic,newViewportBackground,identityMinusOriginal,3240,0,no visible same-material predecessor,-4.0472289662302276e-10,2.3118262428315087e-08,7.267933551787213e-08,2.384185791015625e-07,,,,
9,9,30,1,30,panAndOcclusion,1,False,True,automatic,background,enhancedMinusOriginal,434880,421200,,-3.8631471811696847,4.661744492429653,44.038169907065466,1956.8663940429688,0.04196667743306635,0.4729114880113273,3.4296010734816953,451.3671875
9,9,30,1,30,panAndOcclusion,1,False,True,automatic,background,identityMinusOriginal,434880,421200,,-1.8509950507994169e-10,4.1971946679291436e-08,1.838936085208091e-07,1.9073486328125e-06,0.0,0.0,0.0,0.0
9,9,30,1,30,panAndOcclusion,1,False,True,automatic,foreground,enhancedMinusOriginal,83520,83520,,-0.07369745927666567,3.4333811934723366,7.962397425355317,165.6352996826172,0.5563370914142555,0.6947238551978483,1.5219230346687795,27.22998046875
9,9,30,1,30,panAndOcclusion,1,False,True,automatic,foreground,identityMinusOriginal,83520,83520,,-7.631373740399629e-09,2.1883582703455198e-07,7.409539035351461e-07,3.814697265625e-06,0.0,0.0,0.0,0.0
9,9,30,1,30,panAndOcclusion,1,False,True,automatic,newlyRevealedBackground,enhancedMinusOriginal,10440,0,no visible same-material predecessor,-11.257897951126415,13.907500797476665,61.53842317806887,844.5689086914062,,,,
9,9,30,1,30,panAndOcclusion,1,False,True,automatic,newlyRevealedBackground,identityMinusOriginal,10440,0,no visible same-material predecessor,-4.034541728091575e-10,7.12895911010898e-08,2.2650446108771186e-07,9.5367431640625e-07,,,,
9,9,30,1,30,panAndOcclusion,1,False,True,automatic,newViewportBackground,enhancedMinusOriginal,3240,0,no visible same-material predecessor,0.29616769569400897,0.29616769569400897,0.300893224091004,0.42626237869262695,,,,
9,9,30,1,30,panAndOcclusion,1,False,True,automatic,newViewportBackground,identityMinusOriginal,3240,0,no visible same-material predecessor,-3.5566557582023215e-10,2.3167319749117878e-08,7.284008624898854e-08,2.384185791015625e-07,,,,
10,10,30,1,30,panAndOcclusion,1,False,True,automatic,background,enhancedMinusOriginal,434880,421200,,-4.963799652839743,5.7326555345572885,56.327790424422695,2002.74169921875,-0.9564003728878091,1.2643815999035455,14.791515117080383,624.4794921875
10,10,30,1,30,panAndOcclusion,1,False,True,automatic,background,identityMinusOriginal,434880,421200,,-1.2504438983186484e-10,4.255515974410644e-08,1.8359325057056788e-07,1.9073486328125e-06,0.0,0.0,0.0,0.0
10,10,30,1,30,panAndOcclusion,1,False,True,automatic,foreground,enhancedMinusOriginal,83520,83520,,-0.5211714155077554,3.607781781573063,8.823911191973966,163.944580078125,-0.4474739562310897,0.729820456891053,1.6833017887453154,32.843475341796875
10,10,30,1,30,panAndOcclusion,1,False,True,automatic,foreground,identityMinusOriginal,83520,83520,,-7.631373740399629e-09,2.1883582703455198e-07,7.409539035351461e-07,3.814697265625e-06,0.0,0.0,0.0,0.0
10,10,30,1,30,panAndOcclusion,1,False,True,automatic,newlyRevealedBackground,enhancedMinusOriginal,10440,0,no visible same-material predecessor,-17.04846266279887,19.1188956576076,57.89495837173308,819.8467407226562,,,,
10,10,30,1,30,panAndOcclusion,1,False,True,automatic,newlyRevealedBackground,identityMinusOriginal,10440,0,no visible same-material predecessor,1.046697146438852e-09,6.328521255941379e-08,2.120713790280499e-07,9.5367431640625e-07,,,,
10,10,30,1,30,panAndOcclusion,1,False,True,automatic,newViewportBackground,enhancedMinusOriginal,3240,0,no visible same-material predecessor,0.29355574657397016,0.29355574657397016,0.3001203298621911,0.4594230651855469,,,,
10,10,30,1,30,panAndOcclusion,1,False,True,automatic,newViewportBackground,identityMinusOriginal,3240,0,no visible same-material predecessor,-4.0472289662302276e-10,2.331449171152625e-08,7.31605280984317e-08,2.384185791015625e-07,,,,
11,11,30,1,30,panAndOcclusion,1,False,True,automatic,background,enhancedMinusOriginal,434880,421200,,-4.93834342078294,5.631433040864608,56.71067548108343,2023.4971618652344,0.16736420771338065,0.6236878618828015,6.063799640487184,436.51806640625
11,11,30,1,30,panAndOcclusion,1,False,True,automatic,background,identityMinusOriginal,434880,421200,,-8.312687880857803e-11,4.1892451889993866e-08,1.8081050620618905e-07,1.9073486328125e-06,0.0,0.0,0.0,0.0
11,11,30,1,30,panAndOcclusion,1,False,True,automatic,foreground,enhancedMinusOriginal,83520,83520,,-0.6346359390479965,3.8655465804616114,8.601155684105382,164.0684051513672,-0.11346452354024121,0.7069350043823169,1.1802023878821952,22.509017944335938
11,11,30,1,30,panAndOcclusion,1,False,True,automatic,foreground,identityMinusOriginal,83520,83520,,-7.631373740399629e-09,2.1883582703455198e-07,7.409539035351461e-07,3.814697265625e-06,0.0,0.0,0.0,0.0
11,11,30,1,30,panAndOcclusion,1,False,True,automatic,newlyRevealedBackground,enhancedMinusOriginal,10440,0,no visible same-material predecessor,-5.713560644339468,7.346676631665005,41.99013573449706,823.3215942382812,,,,
11,11,30,1,30,panAndOcclusion,1,False,True,automatic,newlyRevealedBackground,identityMinusOriginal,10440,0,no visible same-material predecessor,6.127936020969279e-10,7.62185831179564e-08,2.3241390027395485e-07,9.5367431640625e-07,,,,
11,11,30,1,30,panAndOcclusion,1,False,True,automatic,newViewportBackground,enhancedMinusOriginal,3240,0,no visible same-material predecessor,0.2522102553535391,0.2522102553535391,0.25719009363038586,0.39789581298828125,,,,
11,11,30,1,30,panAndOcclusion,1,False,True,automatic,newViewportBackground,identityMinusOriginal,3240,0,no visible same-material predecessor,-4.292515570244181e-10,2.3339020371927645e-08,7.326037873599772e-08,2.384185791015625e-07,,,,
12,12,30,1,30,panAndOcclusion,1,False,True,automatic,background,enhancedMinusOriginal,434880,421200,,-3.294728424534317,4.007188288097812,40.73916984351107,1966.701171875,1.1431830815861537,1.3674707254825156,15.142631920581321,627.4346923828125
12,12,30,1,30,panAndOcclusion,1,False,True,automatic,background,identityMinusOriginal,434880,421200,,-8.8403688098158e-11,4.109300386095737e-08,1.752082273929275e-07,1.9073486328125e-06,0.0,0.0,0.0,0.0
12,12,30,1,30,panAndOcclusion,1,False,True,automatic,foreground,enhancedMinusOriginal,83520,83520,,-0.9547867361627433,3.823794553979356,8.130772838389445,175.8478546142578,-0.32015079711474675,0.7092263588303579,1.2853951496670823,25.920172691345215
12,12,30,1,30,panAndOcclusion,1,False,True,automatic,foreground,identityMinusOriginal,83520,83520,,-7.631373740399629e-09,2.1883582703455198e-07,7.409539035351461e-07,3.814697265625e-06,0.0,0.0,0.0,0.0
12,12,30,1,30,panAndOcclusion,1,False,True,automatic,newlyRevealedBackground,enhancedMinusOriginal,10440,0,no visible same-material predecessor,-0.09522108560092604,1.2114794628335446,2.1087773228875966,19.117265701293945,,,,
12,12,30,1,30,panAndOcclusion,1,False,True,automatic,newlyRevealedBackground,identityMinusOriginal,10440,0,no visible same-material predecessor,1.788900577550038e-10,1.0202442549197609e-07,3.098122262754391e-07,1.9073486328125e-06,,,,
12,12,30,1,30,panAndOcclusion,1,False,True,automatic,newViewportBackground,enhancedMinusOriginal,3240,0,no visible same-material predecessor,0.23547439126320827,0.23547439126320827,0.24176329768885807,0.3746175765991211,,,,
12,12,30,1,30,panAndOcclusion,1,False,True,automatic,newViewportBackground,identityMinusOriginal,3240,0,no visible same-material predecessor,-3.5566557582023215e-10,2.3510720994737412e-08,7.35988576243085e-08,2.384185791015625e-07,,,,
13,13,30,1,30,panAndOcclusion,1,False,True,automatic,background,enhancedMinusOriginal,434880,421200,,-1.837685490106994,2.6085614819276723,26.29866520351457,1994.1754150390625,-0.2466558173712603,0.5875832564786218,8.1366468554159,964.341552734375
13,13,30,1,30,panAndOcclusion,1,False,True,automatic,background,identityMinusOriginal,434880,421200,,-1.178258974703615e-10,4.298450013630408e-08,1.8356621551823422e-07,1.9073486328125e-06,0.0,0.0,0.0,0.0
13,13,30,1,30,panAndOcclusion,1,False,True,automatic,foreground,enhancedMinusOriginal,83520,83520,,-0.5884987154682934,3.9318568995876637,8.683669286228152,182.1587677001953,0.36628802069444993,0.6959194752928892,1.1810028501374952,23.55609130859375
13,13,30,1,30,panAndOcclusion,1,False,True,automatic,foreground,identityMinusOriginal,83520,83520,,-7.631373740399629e-09,2.1883582703455198e-07,7.409539035351461e-07,3.814697265625e-06,0.0,0.0,0.0,0.0
13,13,30,1,30,panAndOcclusion,1,False,True,automatic,newlyRevealedBackground,enhancedMinusOriginal,10440,0,no visible same-material predecessor,-0.17566033321626645,1.228076186483086,1.994278976273939,18.82339382171631,,,,
13,13,30,1,30,panAndOcclusion,1,False,True,automatic,newlyRevealedBackground,identityMinusOriginal,10440,0,no visible same-material predecessor,-1.9754029781882334e-09,1.3836575041633303e-07,4.1116982123522087e-07,1.9073486328125e-06,,,,
13,13,30,1,30,panAndOcclusion,1,False,True,automatic,newViewportBackground,enhancedMinusOriginal,3240,0,no visible same-material predecessor,0.3001583249848566,0.3001583249848566,0.3074270738562831,0.4690818786621094,,,,
13,13,30,1,30,panAndOcclusion,1,False,True,automatic,newViewportBackground,identityMinusOriginal,3240,0,no visible same-material predecessor,-4.0472289662302276e-10,2.3559778315540203e-08,7.375760433368139e-08,2.384185791015625e-07,,,,
14,14,30,1,30,panAndOcclusion,1,False,True,automatic,background,enhancedMinusOriginal,434880,421200,,-1.2583394042002725,1.9036454491305232,12.428041616715937,840.1563720703125,-0.17719570067660814,0.38123525469724334,2.352504960964011,197.726806640625
14,14,30,1,30,panAndOcclusion,1,False,True,automatic,background,identityMinusOriginal,434880,421200,,-1.2521571480879924e-10,4.3389889296726297e-08,1.8418294316865838e-07,1.9073486328125e-06,0.0,0.0,0.0,0.0
14,14,30,1,30,panAndOcclusion,1,False,True,automatic,foreground,enhancedMinusOriginal,83520,83520,,-1.0171065872485154,3.8894818523016164,9.007891873486678,170.47967529296875,-0.42860787178022197,0.6165489285746601,1.1974517972751346,22.182920932769775
14,14,30,1,30,panAndOcclusion,1,False,True,automatic,foreground,identityMinusOriginal,83520,83520,,-7.631373740399629e-09,2.1883582703455198e-07,7.409539035351461e-07,3.814697265625e-06,0.0,0.0,0.0,0.0
14,14,30,1,30,panAndOcclusion,1,False,True,automatic,newlyRevealedBackground,enhancedMinusOriginal,10440,0,no visible same-material predecessor,-0.09763414441854104,0.9237571306764547,1.5188101179608342,8.494479179382324,,,,
14,14,30,1,30,panAndOcclusion,1,False,True,automatic,newlyRevealedBackground,identityMinusOriginal,10440,0,no visible same-material predecessor,2.0553325784617457e-10,8.51516674913818e-08,2.451832362207144e-07,9.5367431640625e-07,,,,
14,14,30,1,30,panAndOcclusion,1,False,True,automatic,newViewportBackground,enhancedMinusOriginal,3240,0,no visible same-material predecessor,0.24472003806029818,0.24472003806029818,0.2542475297814035,0.4387779235839844,,,,
14,14,30,1,30,panAndOcclusion,1,False,True,automatic,newViewportBackground,identityMinusOriginal,3240,0,no visible same-material predecessor,-3.5566557582023215e-10,2.3608835636342995e-08,7.39160101093434e-08,2.384185791015625e-07,,,,
15,15,30,1,30,panAndOcclusion,1,False,True,automatic,background,enhancedMinusOriginal,434880,421200,,-1.4390974975300734,2.150030701769405,14.239438612380283,846.0889282226562,-0.1901582345051692,0.4834799850535339,3.69878461572223,196.3663330078125
15,15,30,1,30,panAndOcclusion,1,False,True,automatic,background,identityMinusOriginal,434880,421200,,-1.1286889480439243e-10,4.365938348544413e-08,1.8450954948231775e-07,1.9073486328125e-06,0.0,0.0,0.0,0.0
15,15,30,1,30,panAndOcclusion,1,False,True,automatic,foreground,enhancedMinusOriginal,83520,83520,,-0.8948769060668855,4.0217821317561935,9.683006503544295,167.3839111328125,0.1222296811816298,0.5902831278717571,1.236320462079771,24.605499267578125
15,15,30,1,30,panAndOcclusion,1,False,True,automatic,foreground,identityMinusOriginal,83520,83520,,-7.631373740399629e-09,2.1883582703455198e-07,7.409539035351461e-07,3.814697265625e-06,0.0,0.0,0.0,0.0
15,15,30,1,30,panAndOcclusion,1,False,True,automatic,newlyRevealedBackground,enhancedMinusOriginal,10440,0,no visible same-material predecessor,0.03898302807471457,0.9265377550689197,1.4712927137631184,8.532558917999268,,,,
15,15,30,1,30,panAndOcclusion,1,False,True,automatic,newlyRevealedBackground,identityMinusOriginal,10440,0,no visible same-material predecessor,-1.5605302910542885e-10,8.419631845954126e-08,2.445337479720261e-07,9.5367431640625e-07,,,,
15,15,30,1,30,panAndOcclusion,1,False,True,automatic,newViewportBackground,enhancedMinusOriginal,3240,0,no visible same-material predecessor,0.30145761232071944,0.30145761232071944,0.3123945813685569,0.5062365531921387,,,,
15,15,30,1,30,panAndOcclusion,1,False,True,automatic,newViewportBackground,identityMinusOriginal,3240,0,no visible same-material predecessor,-4.0472289662302276e-10,2.3756007598751368e-08,7.423180758519814e-08,2.384185791015625e-07,,,,
16,16,30,1,30,panAndOcclusion,1,False,True,automatic,background,enhancedMinusOriginal,434880,421200,,-1.4412979665290286,2.133069450597049,13.87334047004356,822.9418029785156,-0.0037374568741471424,0.30717144463564194,2.185949395532688,195.12750244140625
16,16,30,1,30,panAndOcclusion,1,False,True,automatic,background,identityMinusOriginal,434880,421200,,-1.081631687712605e-10,4.3923772189849316e-08,1.848322338543652e-07,1.9073486328125e-06,0.0,0.0,0.0,0.0
16,16,30,1,30,panAndOcclusion,1,False,True,automatic,foreground,enhancedMinusOriginal,83520,83520,,-0.16566243265514022,4.10150858076482,9.045995778099972,167.5283203125,0.7292144734117454,0.8609517127461018,1.6040965956184945,29.757080078125
16,16,30,1,30,panAndOcclusion,1,False,True,automatic,foreground,identityMinusOriginal,83520,83520,,-7.631373740399629e-09,2.1883582703455198e-07,7.409539035351461e-07,3.814697265625e-06,0.0,0.0,0.0,0.0
16,16,30,1,30,panAndOcclusion,1,False,True,automatic,newlyRevealedBackground,enhancedMinusOriginal,10440,0,no visible same-material predecessor,0.07994862877850636,0.9938813696038525,1.5367813844231117,8.192263126373291,,,,
16,16,30,1,30,panAndOcclusion,1,False,True,automatic,newlyRevealedBackground,identityMinusOriginal,10440,0,no visible same-material predecessor,-3.121060582108577e-10,8.356830017167794e-08,2.4395507678324734e-07,9.5367431640625e-07,,,,
16,16,30,1,30,panAndOcclusion,1,False,True,automatic,newViewportBackground,enhancedMinusOriginal,3240,0,no visible same-material predecessor,0.2683121607750041,0.2683121607750041,0.27819620609905626,0.47128868103027344,,,,
16,16,30,1,30,panAndOcclusion,1,False,True,automatic,newViewportBackground,identityMinusOriginal,3240,0,no visible same-material predecessor,-4.4151588722511576e-10,2.379280058935346e-08,7.434005313662571e-08,2.384185791015625e-07,,,,
17,17,30,1,30,panAndOcclusion,1,False,True,automatic,background,enhancedMinusOriginal,434880,421200,,-1.7232407361655564,2.4003919285640585,14.590502712338445,826.7645263671875,-0.10530296422946808,0.29086554385656527,2.1701514194963143,168.86700439453125
17,17,30,1,30,panAndOcclusion,1,False,True,automatic,background,identityMinusOriginal,434880,421200,,-1.0055633979537249e-10,4.3478167346508034e-08,1.841254045215275e-07,1.9073486328125e-06,0.0,0.0,0.0,0.0
17,17,30,1,30,panAndOcclusion,1,False,True,automatic,foreground,enhancedMinusOriginal,83520,83520,,-1.017605995280742,3.48020668646718,8.078099919274786,175.46401977539062,-0.8519435626256017,1.3059936178479425,2.1857547150576178,27.911255836486816
17,17,30,1,30,panAndOcclusion,1,False,True,automatic,foreground,identityMinusOriginal,83520,83520,,-7.631373740399629e-09,2.1883582703455198e-07,7.409539035351461e-07,3.814697265625e-06,0.0,0.0,0.0,0.0
17,17,30,1,30,panAndOcclusion,1,False,True,automatic,newlyRevealedBackground,enhancedMinusOriginal,10440,0,no visible same-material predecessor,-7.433780894579787,8.219281353631162,16.756441509212525,105.3896255493164,,,,
17,17,30,1,30,panAndOcclusion,1,False,True,automatic,newlyRevealedBackground,identityMinusOriginal,10440,0,no visible same-material predecessor,-3.6539245839319925e-10,3.3273550742430704e-08,1.5341721401068944e-07,9.5367431640625e-07,,,,
17,17,30,1,30,panAndOcclusion,1,False,True,automatic,newViewportBackground,enhancedMinusOriginal,3240,0,no visible same-material predecessor,0.25532110398443636,0.25532110398443636,0.26417219272611003,0.4314236640930176,,,,
17,17,30,1,30,panAndOcclusion,1,False,True,automatic,newViewportBackground,identityMinusOriginal,3240,0,no visible same-material predecessor,-3.924585664223251e-10,2.401355853296602e-08,7.471278565130541e-08,2.384185791015625e-07,,,,
18,18,30,1,30,panAndOcclusion,1,False,True,automatic,background,enhancedMinusOriginal,434880,421200,,-1.5183682723125393,2.2942937859700816,13.32928061360198,875.4136657714844,0.35684877663967973,0.47172043874806596,2.9400775820560003,159.5594482421875
18,18,30,1,30,panAndOcclusion,1,False,True,automatic,background,identityMinusOriginal,434880,421200,,-9.996241320866652e-11,4.333690419219305e-08,1.8457479576842415e-07,1.9073486328125e-06,0.0,0.0,0.0,0.0
18,18,30,1,30,panAndOcclusion,1,False,True,automatic,foreground,enhancedMinusOriginal,83520,83520,,-0.06352988689100682,3.6202581179262845,7.759657717598927,176.6517333984375,0.9540761083897351,1.1049250552528282,1.804433935452033,27.517890453338623
18,18,30,1,30,panAndOcclusion,1,False,True,automatic,foreground,identityMinusOriginal,83520,83520,,-7.631373740399629e-09,2.1883582703455198e-07,7.409539035351461e-07,3.814697265625e-06,0.0,0.0,0.0,0.0
18,18,30,1,30,panAndOcclusion,1,False,True,automatic,newlyRevealedBackground,enhancedMinusOriginal,10440,0,no visible same-material predecessor,-5.631747272896127,6.5604661691995725,12.574018829487448,104.26954650878906,,,,
18,18,30,1,30,panAndOcclusion,1,False,True,automatic,newlyRevealedBackground,identityMinusOriginal,10440,0,no visible same-material predecessor,-2.3217645793734534e-10,1.7306661544936217e-08,1.0865370089815005e-07,9.5367431640625e-07,,,,
18,18,30,1,30,panAndOcclusion,1,False,True,automatic,newViewportBackground,enhancedMinusOriginal,3240,0,no visible same-material predecessor,0.27920900999028003,0.27920900999028003,0.2872579414941286,0.4786686897277832,,,,
18,18,30,1,30,panAndOcclusion,1,False,True,automatic,newViewportBackground,identityMinusOriginal,3240,0,no visible same-material predecessor,-4.0472289662302276e-10,2.4099408844370902e-08,7.48984563224683e-08,2.384185791015625e-07,,,,
19,19,30,1,30,panAndOcclusion,1,False,True,automatic,background,enhancedMinusOriginal,434880,421200,,-1.648714354457771,2.2870065034452542,13.043325947427938,844.0317687988281,-0.1260602091960664,0.47084825164938654,2.203904868631254,141.94775390625
19,19,30,1,30,panAndOcclusion,1,False,True,automatic,background,identityMinusOriginal,434880,421200,,-1.9526478704471695e-10,4.261797890231573e-08,1.7752163169888964e-07,1.9073486328125e-06,0.0,0.0,0.0,0.0
19,19,30,1,30,panAndOcclusion,1,False,True,automatic,foreground,enhancedMinusOriginal,83520,83520,,0.35092815448164866,4.0651575697217215,8.37231923459808,165.1266326904297,0.41445804137265546,0.8040302847299159,1.3719456801423837,19.482589721679688
19,19,30,1,30,panAndOcclusion,1,False,True,automatic,foreground,identityMinusOriginal,83520,83520,,-7.631373740399629e-09,2.1883582703455198e-07,7.409539035351461e-07,3.814697265625e-06,0.0,0.0,0.0,0.0
19,19,30,1,30,panAndOcclusion,1,False,True,automatic,newlyRevealedBackground,enhancedMinusOriginal,10440,0,no visible same-material predecessor,-0.008706744395833972,0.9139766812000999,1.477258413778746,8.49002981185913,,,,
19,19,30,1,30,panAndOcclusion,1,False,True,automatic,newlyRevealedBackground,identityMinusOriginal,10440,0,no visible same-material predecessor,-9.134811459829981e-11,8.211434268098834e-08,2.416884939300658e-07,9.5367431640625e-07,,,,
19,19,30,1,30,panAndOcclusion,1,False,True,automatic,newViewportBackground,enhancedMinusOriginal,3240,0,no visible same-material predecessor,0.26247991508662455,0.26247991508662455,0.2766121363247071,0.4686589241027832,,,,
19,19,30,1,30,panAndOcclusion,1,False,True,automatic,newViewportBackground,identityMinusOriginal,3240,0,no visible same-material predecessor,-3.311369154188368e-10,2.4172994825575087e-08,7.507393127517325e-08,2.384185791015625e-07,,,,
20,20,30,1,30,panAndOcclusion,1,False,True,automatic,background,enhancedMinusOriginal,434880,421200,,-2.1645302558154067,2.9049817320482356,21.07292377374264,1993.0906066894531,-0.17371423316618215,0.47247689130330184,3.120690223061975,217.76470947265625
20,20,30,1,30,panAndOcclusion,1,False,True,automatic,background,identityMinusOriginal,434880,421200,,-1.794115158457191e-10,4.5383346776679246e-08,1.8899516507388594e-07,1.9073486328125e-06,0.0,0.0,0.0,0.0
20,20,30,1,30,panAndOcclusion,1,False,True,automatic,foreground,enhancedMinusOriginal,83520,83520,,0.7175790872186956,4.12339741148264,8.542249837745937,163.38206481933594,0.3666509327370469,0.5796740884277708,0.9990556900195209,22.333526611328125
20,20,30,1,30,panAndOcclusion,1,False,True,automatic,foreground,identityMinusOriginal,83520,83520,,-7.631373740399629e-09,2.1883582703455198e-07,7.409539035351461e-07,3.814697265625e-06,0.0,0.0,0.0,0.0
20,20,30,1,30,panAndOcclusion,1,False,True,automatic,newlyRevealedBackground,enhancedMinusOriginal,10440,0,no visible same-material predecessor,-14.243741336540767,15.637272634287513,99.4352954160066,1993.0906066894531,,,,
20,20,30,1,30,panAndOcclusion,1,False,True,automatic,newlyRevealedBackground,identityMinusOriginal,10440,0,no visible same-material predecessor,3.8822948704277416e-10,1.3892525761824762e-07,4.246858484819005e-07,1.9073486328125e-06,,,,
20,20,30,1,30,panAndOcclusion,1,False,True,automatic,newViewportBackground,enhancedMinusOriginal,3240,0,no visible same-material predecessor,0.2824750223400171,0.2824750223400171,0.294741351910713,0.49184703826904297,,,,
20,20,30,1,30,panAndOcclusion,1,False,True,automatic,newViewportBackground,identityMinusOriginal,3240,0,no visible same-material predecessor,-3.311369154188368e-10,2.4369224108786248e-08,7.542365645041963e-08,2.384185791015625e-07,,,,
21,21,30,1,30,panAndOcclusion,1,False,True,automatic,background,enhancedMinusOriginal,434880,421200,,-3.3778250001112364,4.124887215659056,36.32391529951967,1961.2100830078125,0.3750249535923935,0.7174589377254467,6.598540938901677,662.1461181640625
21,21,30,1,30,panAndOcclusion,1,False,True,automatic,background,identityMinusOriginal,434880,421200,,-1.911301442680331e-10,4.6303498962798596e-08,1.915167878157916e-07,1.9073486328125e-06,0.0,0.0,0.0,0.0
21,21,30,1,30,panAndOcclusion,1,False,True,automatic,foreground,enhancedMinusOriginal,83520,83520,,0.6309650662924862,3.9047462811914784,7.572946798393092,161.38571166992188,-0.0866140209262094,0.7103374056032791,1.6481599062185626,25.859771728515625
21,21,30,1,30,panAndOcclusion,1,False,True,automatic,foreground,identityMinusOriginal,83520,83520,,-7.631373740399629e-09,2.1883582703455198e-07,7.409539035351461e-07,3.814697265625e-06,0.0,0.0,0.0,0.0
21,21,30,1,30,panAndOcclusion,1,False,True,automatic,newlyRevealedBackground,enhancedMinusOriginal,10440,0,no visible same-material predecessor,-65.40739029374159,66.42034122381327,195.4003272585811,1906.2993774414062,,,,
21,21,30,1,30,panAndOcclusion,1,False,True,automatic,newlyRevealedBackground,identityMinusOriginal,10440,0,no visible same-material predecessor,-7.764589740855483e-10,6.319767061625709e-08,2.1319486048911536e-07,9.5367431640625e-07,,,,
21,21,30,1,30,panAndOcclusion,1,False,True,automatic,newViewportBackground,enhancedMinusOriginal,3240,0,no visible same-material predecessor,0.2471661793719594,0.2471661793719594,0.2616051075363542,0.4586925506591797,,,,
21,21,30,1,30,panAndOcclusion,1,False,True,automatic,newViewportBackground,identityMinusOriginal,3240,0,no visible same-material predecessor,-3.311369154188368e-10,2.4369224108786248e-08,7.550115316385079e-08,2.384185791015625e-07,,,,
22,22,30,1,30,panAndOcclusion,1,False,True,automatic,background,enhancedMinusOriginal,434880,421200,,-3.583988852918113,4.413336611754104,36.98077995013959,1949.2550048828125,0.43576664306874696,0.9044892494471213,8.067071277302965,804.3270263671875
22,22,30,1,30,panAndOcclusion,1,False,True,automatic,background,identityMinusOriginal,434880,421200,,-1.715990968975098e-10,4.7400915391719424e-08,1.9438935017214323e-07,1.9073486328125e-06,0.0,0.0,0.0,0.0
22,22,30,1,30,panAndOcclusion,1,False,True,automatic,foreground,enhancedMinusOriginal,83520,83520,,0.3646135305074706,3.672854904907055,7.119892542063258,167.56564331054688,-0.2663515357850155,0.6969623717920685,1.3038576198701344,22.881115913391113
22,22,30,1,30,panAndOcclusion,1,False,True,automatic,foreground,identityMinusOriginal,83520,83520,,-7.631373740399629e-09,2.1883582703455198e-07,7.409539035351461e-07,3.814697265625e-06,0.0,0.0,0.0,0.0
22,22,30,1,30,panAndOcclusion,1,False,True,automatic,newlyRevealedBackground,enhancedMinusOriginal,10440,0,no visible same-material predecessor,-25.931653230491726,27.109692366522086,122.55551245950215,1949.2550048828125,,,,
22,22,30,1,30,panAndOcclusion,1,False,True,automatic,newlyRevealedBackground,identityMinusOriginal,10440,0,no visible same-material predecessor,5.024146302906489e-10,7.191380321751153e-08,2.2798001074868447e-07,9.5367431640625e-07,,,,
22,22,30,1,30,panAndOcclusion,1,False,True,automatic,newViewportBackground,enhancedMinusOriginal,3240,0,no visible same-material predecessor,0.3335683960850837,0.3335683960850837,0.3481129343110843,0.5918750762939453,,,,
22,22,30,1,30,panAndOcclusion,1,False,True,automatic,newViewportBackground,identityMinusOriginal,3240,0,no visible same-material predecessor,-2.575509342146508e-10,2.4491867410793227e-08,7.575246994925203e-08,2.384185791015625e-07,,,,
23,23,30,1,30,panAndOcclusion,1,False,True,automatic,background,enhancedMinusOriginal,434880,421200,,-3.4404749761159907,4.273732825232681,34.81648998564689,1981.4977416992188,0.15294979313129467,0.5040405614536461,4.436654790264609,421.3828125
23,23,30,1,30,panAndOcclusion,1,False,True,automatic,background,identityMinusOriginal,434880,421200,,-1.802110324047464e-10,4.8603776633110824e-08,1.974660307477968e-07,1.9073486328125e-06,0.0,0.0,0.0,0.0
23,23,30,1,30,panAndOcclusion,1,False,True,automatic,foreground,enhancedMinusOriginal,83520,83520,,0.738908837498243,3.6853737813945133,7.250466251155752,172.7671356201172,0.37429530699077235,0.5801823915944626,0.9807438031170763,18.37548828125
23,23,30,1,30,panAndOcclusion,1,False,True,automatic,foreground,identityMinusOriginal,83520,83520,,-7.631373740399629e-09,2.1883582703455198e-07,7.409539035351461e-07,3.814697265625e-06,0.0,0.0,0.0,0.0
23,23,30,1,30,panAndOcclusion,1,False,True,automatic,newlyRevealedBackground,enhancedMinusOriginal,10440,0,no visible same-material predecessor,0.154005380795072,0.9430765159018957,1.4486853985805046,8.174552917480469,,,,
23,23,30,1,30,panAndOcclusion,1,False,True,automatic,newlyRevealedBackground,identityMinusOriginal,10440,0,no visible same-material predecessor,-7.003355452536319e-10,7.66715175195063e-08,2.3686057054621708e-07,9.5367431640625e-07,,,,
23,23,30,1,30,panAndOcclusion,1,False,True,automatic,newViewportBackground,enhancedMinusOriginal,3240,0,no visible same-material predecessor,0.28739590560212547,0.28739590560212547,0.2961569112786649,0.4595503807067871,,,,
23,23,30,1,30,panAndOcclusion,1,False,True,automatic,newViewportBackground,identityMinusOriginal,3240,0,no visible same-material predecessor,-2.3302227381325554e-10,2.451639607119462e-08,7.584890852420188e-08,2.384185791015625e-07,,,,
24,24,30,1,30,panAndOcclusion,1,False,True,automatic,background,enhancedMinusOriginal,434880,421200,,-4.570125915060716,5.3770458804830366,43.492013480542944,1963.229248046875,-1.163236811625141,1.3627831980191574,10.989867341082523,621.58984375
24,24,30,1,30,panAndOcclusion,1,False,True,automatic,background,identityMinusOriginal,434880,421200,,-1.8461979514452533e-10,4.982801923162363e-08,2.0050055648872097e-07,1.9073486328125e-06,0.0,0.0,0.0,0.0
24,24,30,1,30,panAndOcclusion,1,False,True,automatic,foreground,enhancedMinusOriginal,83520,83520,,0.34224677352023003,3.6274735285604365,7.404644538881154,162.00521850585938,-0.39666206397801296,0.6333889589584307,1.2290565243942417,22.3792724609375
24,24,30,1,30,panAndOcclusion,1,False,True,automatic,foreground,identityMinusOriginal,83520,83520,,-7.631373740399629e-09,2.1883582703455198e-07,7.409539035351461e-07,3.814697265625e-06,0.0,0.0,0.0,0.0
24,24,30,1,30,panAndOcclusion,1,False,True,automatic,newlyRevealedBackground,enhancedMinusOriginal,10440,0,no visible same-material predecessor,0.12608332402176328,0.9702242277324733,1.4841800507608576,8.361902713775635,,,,
24,24,30,1,30,panAndOcclusion,1,False,True,automatic,newlyRevealedBackground,identityMinusOriginal,10440,0,no visible same-material predecessor,-5.480886875897988e-10,7.627567568958034e-08,2.3638310397474657e-07,9.5367431640625e-07,,,,
24,24,30,1,30,panAndOcclusion,1,False,True,automatic,newViewportBackground,enhancedMinusOriginal,3240,0,no visible same-material predecessor,0.3826206623404114,0.3826206623404114,0.4001132163739638,0.6545634269714355,,,,
24,24,30,1,30,panAndOcclusion,1,False,True,automatic,newViewportBackground,identityMinusOriginal,3240,0,no visible same-material predecessor,-1.3490763220767424e-10,2.451639607119462e-08,7.592597118926486e-08,2.384185791015625e-07,,,,
25,25,30,1,30,panAndOcclusion,1,False,True,automatic,background,enhancedMinusOriginal,434880,423288,,-4.555697217693472,5.414545079614373,44.555719711486645,1939.1381225585938,0.017803245005870293,0.5386976531405131,4.0924573271772395,393.471923828125
25,25,30,1,30,panAndOcclusion,1,False,True,automatic,background,identityMinusOriginal,434880,423288,,-1.9085602430493802e-10,5.058461317309627e-08,2.02315506079873e-07,1.9073486328125e-06,0.0,0.0,0.0,0.0
25,25,30,1,30,panAndOcclusion,1,False,True,automatic,foreground,enhancedMinusOriginal,83520,83520,,-0.7713234768269315,3.0475007089942046,7.179556261870536,161.02255249023438,-1.1135702503471616,1.2638034525264346,2.065572260777756,24.0887451171875
25,25,30,1,30,panAndOcclusion,1,False,True,automatic,foreground,identityMinusOriginal,83520,83520,,-7.631373740399629e-09,2.1883582703455198e-07,7.409539035351461e-07,3.814697265625e-06,0.0,0.0,0.0,0.0
25,25,30,1,30,panAndOcclusion,1,False,True,automatic,newlyRevealedBackground,enhancedMinusOriginal,10440,0,no visible same-material predecessor,0.23268879070440318,0.717162760136837,1.1715894289643396,8.17716932296753,,,,
25,25,30,1,30,panAndOcclusion,1,False,True,automatic,newlyRevealedBackground,identityMinusOriginal,10440,0,no visible same-material predecessor,-7.079478881368235e-10,5.5631001790364584e-08,1.890632901037807e-07,9.5367431640625e-07,,,,
25,25,30,1,30,panAndOcclusion,1,False,True,automatic,newViewportBackground,enhancedMinusOriginal,1152,0,no visible same-material predecessor,0.36045927185289284,0.3610688215121627,0.39559408976965144,1.1455192565917969,,,,
25,25,30,1,30,panAndOcclusion,1,False,True,automatic,newViewportBackground,identityMinusOriginal,1152,0,no visible same-material predecessor,5.174014303419325e-10,1.9074866065272578e-08,6.598894921733152e-08,2.384185791015625e-07,,,,
26,26,30,1,30,panAndOcclusion,1,False,True,automatic,background,enhancedMinusOriginal,443232,431640,,-4.81845539658111,5.7004515650733145,45.57139007501778,1988.1971435546875,-0.3660431169046978,0.7251630555850342,4.841444659471832,333.6209716796875
26,26,30,1,30,panAndOcclusion,1,False,True,automatic,background,identityMinusOriginal,443232,431640,,-1.9053192806310454e-10,5.022828193461712e-08,2.007711695067052e-07,1.9073486328125e-06,0.0,0.0,0.0,0.0
26,26,30,1,30,panAndOcclusion,1,False,True,automatic,foreground,enhancedMinusOriginal,75168,75168,,0.2532668452167005,3.3429331840331145,7.240593516379183,156.77420043945312,1.0455539858277147,1.14087848460514,1.7093805505572612,25.1448974609375
26,26,30,1,30,panAndOcclusion,1,False,True,automatic,foreground,identityMinusOriginal,75168,75168,,-4.601238364951398e-09,2.1106489367462717e-07,7.190139734035703e-07,3.814697265625e-06,0.0,0.0,0.0,0.0
26,26,30,1,30,panAndOcclusion,1,False,True,automatic,newlyRevealedBackground,enhancedMinusOriginal,10440,0,no visible same-material predecessor,0.3472767812957557,0.3472767812957557,0.3573879921351173,0.8489797115325928,,,,
26,26,30,1,30,panAndOcclusion,1,False,True,automatic,newlyRevealedBackground,identityMinusOriginal,10440,0,no visible same-material predecessor,-2.854628581196869e-10,2.7020011063888764e-08,7.910375547862556e-08,2.384185791015625e-07,,,,
26,26,30,1,30,panAndOcclusion,1,False,True,automatic,newViewportBackground,enhancedMinusOriginal,1152,0,no visible same-material predecessor,0.3282653805627315,0.3291031021831764,0.3517542320879554,1.0662903785705566,,,,
26,26,30,1,30,panAndOcclusion,1,False,True,automatic,newViewportBackground,identityMinusOriginal,1152,0,no visible same-material predecessor,3.794277155840838e-10,1.9212839780030427e-08,6.648558048824888e-08,2.384185791015625e-07,,,,
27,27,30,1,30,panAndOcclusion,1,False,True,automatic,background,enhancedMinusOriginal,451584,439992,,-4.409726667196146,5.273804693690187,43.33574042981296,1965.7302856445312,0.3208554450444032,0.6557637415527241,4.649671476609953,328.0828857421875
27,27,30,1,30,panAndOcclusion,1,False,True,automatic,background,identityMinusOriginal,451584,439992,,-9.441696169334924e-11,5.194094406549262e-08,2.0834225375549186e-07,1.9073486328125e-06,0.0,0.0,0.0,0.0
27,27,30,1,30,panAndOcclusion,1,False,True,automatic,foreground,enhancedMinusOriginal,66816,66816,,0.22453888767312066,3.4323280869940316,7.434140955571826,169.03770446777344,0.09066772553950815,0.557921627644654,1.0503552412630568,24.921829223632812
27,27,30,1,30,panAndOcclusion,1,False,True,automatic,foreground,identityMinusOriginal,66816,66816,,-2.2599142934475215e-09,1.9175967494189968e-07,6.698788576138761e-07,3.814697265625e-06,0.0,0.0,0.0,0.0
27,27,30,1,30,panAndOcclusion,1,False,True,automatic,newlyRevealedBackground,enhancedMinusOriginal,10440,0,no visible same-material predecessor,0.3236206837122163,0.8719057346783379,1.5947787727831166,15.592307090759277,,,,
27,27,30,1,30,panAndOcclusion,1,False,True,automatic,newlyRevealedBackground,identityMinusOriginal,10440,0,no visible same-material predecessor,3.870876356102954e-09,1.1591695125380086e-07,4.0762662562989324e-07,1.9073486328125e-06,,,,
27,27,30,1,30,panAndOcclusion,1,False,True,automatic,newViewportBackground,enhancedMinusOriginal,1152,0,no visible same-material predecessor,0.33427092753764653,0.3350406119737912,0.3597216889106234,1.1412053108215332,,,,
27,27,30,1,30,panAndOcclusion,1,False,True,automatic,newViewportBackground,identityMinusOriginal,1152,0,no visible same-material predecessor,3.104408582051595e-10,1.9971695211198593e-08,6.801418432409144e-08,2.384185791015625e-07,,,,
28,28,30,1,30,panAndOcclusion,1,False,True,automatic,background,enhancedMinusOriginal,459936,448344,,-4.564025487424762,5.460617338764522,43.08139048709723,1980.9450073242188,-0.24992393602832375,0.6516856578777133,4.83822560672773,403.0439453125
28,28,30,1,30,panAndOcclusion,1,False,True,automatic,background,identityMinusOriginal,459936,448344,,-1.2097538765790708e-10,5.186060004847073e-08,2.0801049567014112e-07,1.9073486328125e-06,0.0,0.0,0.0,0.0
28,28,30,1,30,panAndOcclusion,1,False,True,automatic,foreground,enhancedMinusOriginal,58464,58464,,0.018766015959039394,3.9558128337906813,8.968411837842345,177.66415405273438,-0.06704194293233562,0.7423307409992924,1.698412782368709,28.824737548828125
28,28,30,1,30,panAndOcclusion,1,False,True,automatic,foreground,identityMinusOriginal,58464,58464,,-8.164237742223045e-09,1.6267304871991872e-07,5.874068981855514e-07,3.814697265625e-06,0.0,0.0,0.0,0.0
28,28,30,1,30,panAndOcclusion,1,False,True,automatic,newlyRevealedBackground,enhancedMinusOriginal,10440,0,no visible same-material predecessor,0.42432806102861087,0.4326653173067256,0.5384713104112179,4.535514831542969,,,,
28,28,30,1,30,panAndOcclusion,1,False,True,automatic,newlyRevealedBackground,identityMinusOriginal,10440,0,no visible same-material predecessor,-2.816566866780911e-10,2.7655641694635267e-08,8.10332952394829e-08,2.384185791015625e-07,,,,
28,28,30,1,30,panAndOcclusion,1,False,True,automatic,newViewportBackground,enhancedMinusOriginal,1152,0,no visible same-material predecessor,0.4813164978598555,1.4473949531783108,2.4299284720555154,15.997260093688965,,,,
28,28,30,1,30,panAndOcclusion,1,False,True,automatic,newViewportBackground,identityMinusOriginal,1152,0,no visible same-material predecessor,-9.658160033049407e-09,1.292813707281042e-07,4.5186541142241794e-07,1.9073486328125e-06,,,,
29,29,30,1,30,panAndOcclusion,1,False,True,automatic,background,enhancedMinusOriginal,468288,456696,,-4.225092527245674,5.02931900829673,42.9594033471213,1939.6842041015625,0.25621375082230896,0.7735701602714463,5.235169118052673,489.41015625
29,29,30,1,30,panAndOcclusion,1,False,True,automatic,background,identityMinusOriginal,468288,456696,,-1.5867825743983826e-10,5.180615997766287e-08,2.0769572838279706e-07,1.9073486328125e-06,0.0,0.0,0.0,0.0
29,29,30,1,30,panAndOcclusion,1,False,True,automatic,foreground,enhancedMinusOriginal,50112,50112,,-0.20283154017744343,3.7626792629772345,8.63073907108818,161.0630340576172,-0.08610238277195946,0.6445243139178347,1.3061914275210758,48.77919006347656
29,29,30,1,30,panAndOcclusion,1,False,True,automatic,foreground,identityMinusOriginal,50112,50112,,-9.915076605357125e-09,1.2652348233771455e-07,4.610005939156749e-07,3.814697265625e-06,0.0,0.0,0.0,0.0
29,29,30,1,30,panAndOcclusion,1,False,True,automatic,newlyRevealedBackground,enhancedMinusOriginal,10440,0,no visible same-material predecessor,0.3720509514117454,0.3729576428807406,0.3926580796578195,1.157325029373169,,,,
29,29,30,1,30,panAndOcclusion,1,False,True,automatic,newlyRevealedBackground,identityMinusOriginal,10440,0,no visible same-material predecessor,-2.968813724444744e-10,2.8797493127114014e-08,8.286046942332354e-08,2.384185791015625e-07,,,,
29,29,30,1,30,panAndOcclusion,1,False,True,automatic,newViewportBackground,enhancedMinusOriginal,1152,0,no visible same-material predecessor,0.2791893569821561,0.7631883605348843,1.3500792394794192,11.978663444519043,,,,
29,29,30,1,30,panAndOcclusion,1,False,True,automatic,newViewportBackground,identityMinusOriginal,1152,0,no visible same-material predecessor,-1.4280279477437338e-08,1.286604890116939e-07,4.5002347432121973e-07,1.9073486328125e-06,,,,
30,30,30,1,30,panAndOcclusion,1,False,True,automatic,background,enhancedMinusOriginal,476640,465048,,-4.667519753111774,5.48298025749828,46.00092996444052,1937.8447875976562,-0.5379793411091228,0.7692446930306887,5.7201361289941905,446.583740234375
30,30,30,1,30,panAndOcclusion,1,False,True,automatic,background,identityMinusOriginal,476640,465048,,-1.661311903829021e-10,5.177542845701576e-08,2.073790886930931e-07,1.9073486328125e-06,0.0,0.0,0.0,0.0
30,30,30,1,30,panAndOcclusion,1,False,True,automatic,foreground,enhancedMinusOriginal,41760,41760,,-0.02916421948398058,3.221520970953036,7.647105216656206,159.6004180908203,-0.3223227053224127,0.5580150844255702,1.1029123042844677,25.847686767578125
30,30,30,1,30,panAndOcclusion,1,False,True,automatic,foreground,identityMinusOriginal,41760,41760,,-1.4120896048320511e-09,1.133211423306325e-07,3.986980263923634e-07,1.9073486328125e-06,0.0,0.0,0.0,0.0
30,30,30,1,30,panAndOcclusion,1,False,True,automatic,newlyRevealedBackground,enhancedMinusOriginal,10440,0,no visible same-material predecessor,0.38828403395558986,0.3884543988287525,0.4015172166545011,1.0539493560791016,,,,
30,30,30,1,30,panAndOcclusion,1,False,True,automatic,newlyRevealedBackground,identityMinusOriginal,10440,0,no visible same-material predecessor,-2.968813724444744e-10,3.016771484608851e-08,8.480886574141607e-08,2.384185791015625e-07,,,,
30,30,30,1,30,panAndOcclusion,1,False,True,automatic,newViewportBackground,enhancedMinusOriginal,1152,0,no visible same-material predecessor,0.36983659877269354,0.7476121613548862,1.3287172495457196,11.652670860290527,,,,
30,30,30,1,30,panAndOcclusion,1,False,True,automatic,newViewportBackground,identityMinusOriginal,1152,0,no visible same-material predecessor,-2.4145400082623517e-09,1.256250672870212e-07,4.444333604627358e-07,1.9073486328125e-06,,,,
31,31,30,1,30,panAndOcclusion,1,False,True,automatic,background,enhancedMinusOriginal,484992,473400,,-3.9746177395050877,4.733937844552984,39.74370876435122,1962.1537475585938,0.6250561374613779,0.9601829424188398,7.873283318359791,386.5994873046875
31,31,30,1,30,panAndOcclusion,1,False,True,automatic,background,identityMinusOriginal,484992,473400,,-1.499358064173771e-10,5.175226899012209e-08,2.0706752689353335e-07,1.9073486328125e-06,0.0,0.0,0.0,0.0
31,31,30,1,30,panAndOcclusion,1,False,True,automatic,foreground,enhancedMinusOriginal,33408,33408,,-0.12519110792041738,2.5329768357805595,5.414630675065435,178.05447387695312,-0.8870977263821535,1.040709099514674,1.7936772363530962,46.840606689453125
31,31,30,1,30,panAndOcclusion,1,False,True,automatic,foreground,identityMinusOriginal,33408,33408,,-3.335157725698342e-09,1.1576946211043902e-07,4.040703272228902e-07,1.9073486328125e-06,0.0,0.0,0.0,0.0
31,31,30,1,30,panAndOcclusion,1,False,True,automatic,newlyRevealedBackground,enhancedMinusOriginal,10440,0,no visible same-material predecessor,0.38585945303108193,0.38585945303108193,0.39975724488840214,1.001244306564331,,,,
31,31,30,1,30,panAndOcclusion,1,False,True,automatic,newlyRevealedBackground,identityMinusOriginal,10440,0,no visible same-material predecessor,-3.121060582108577e-10,3.0517882618715327e-08,8.529964953704311e-08,2.384185791015625e-07,,,,
31,31,30,1,30,panAndOcclusion,1,False,True,automatic,newViewportBackground,enhancedMinusOriginal,1152,0,no visible same-material predecessor,0.30250279791653156,0.8234524982808916,1.4376106762013825,11.98000431060791,,,,
31,31,30,1,30,panAndOcclusion,1,False,True,automatic,newViewportBackground,identityMinusOriginal,1152,0,no visible same-material predecessor,7.588554311681677e-09,1.2569405414440014e-07,4.4267197311719245e-07,1.9073486328125e-06,,,,
32,32,30,1,30,panAndOcclusion,1,False,True,automatic,background,enhancedMinusOriginal,493344,481752,,-3.756297269398121,4.517691932941701,38.57062211941343,1913.021240234375,0.10258471086414393,0.5219594273394821,3.6120201980805664,332.1697998046875
32,32,30,1,30,panAndOcclusion,1,False,True,automatic,background,identityMinusOriginal,493344,481752,,-1.5323700661226334e-10,5.1519489799179166e-08,2.056876959372549e-07,1.9073486328125e-06,0.0,0.0,0.0,0.0
32,32,30,1,30,panAndOcclusion,1,False,True,automatic,foreground,enhancedMinusOriginal,25056,25056,,-0.4612241471340906,2.1683474507098786,3.9838237297807266,54.165794372558594,-0.47095030623104733,0.6932603729838841,1.2635778542234324,10.633342742919922
32,32,30,1,30,panAndOcclusion,1,False,True,automatic,foreground,identityMinusOriginal,25056,25056,,-1.046697146438852e-09,1.11235360380638e-07,3.947561237872996e-07,1.9073486328125e-06,0.0,0.0,0.0,0.0
32,32,30,1,30,panAndOcclusion,1,False,True,automatic,newlyRevealedBackground,enhancedMinusOriginal,10440,0,no visible same-material predecessor,0.3327542443385069,0.333443014603465,0.3501475754514145,1.0348999500274658,,,,
32,32,30,1,30,panAndOcclusion,1,False,True,automatic,newlyRevealedBackground,identityMinusOriginal,10440,0,no visible same-material predecessor,-3.197184010940493e-10,2.9185722614156788e-08,8.341713562404071e-08,2.384185791015625e-07,,,,
32,32,30,1,30,panAndOcclusion,1,False,True,automatic,newViewportBackground,enhancedMinusOriginal,1152,0,no visible same-material predecessor,0.28631563798558934,0.43802354308880037,0.7813092692984753,4.338347434997559,,,,
32,32,30,1,30,panAndOcclusion,1,False,True,automatic,newViewportBackground,identityMinusOriginal,1152,0,no visible same-material predecessor,0.0,2.3041610364560727e-08,7.411847275362873e-08,2.384185791015625e-07,,,,
33,33,30,1,30,panAndOcclusion,1,False,True,automatic,background,enhancedMinusOriginal,501696,490104,,-3.566423980584737,4.404730608734782,38.51037541015479,1979.9859619140625,0.07323389583135145,0.40428454197078245,3.393177342009023,420.5108642578125
33,33,30,1,30,panAndOcclusion,1,False,True,automatic,background,identityMinusOriginal,501696,490104,,-1.5737874352689167e-10,5.127069974638052e-08,2.0433090266454342e-07,1.9073486328125e-06,0.0,0.0,0.0,0.0
33,33,30,1,30,panAndOcclusion,1,False,True,automatic,foreground,enhancedMinusOriginal,16704,16704,,-0.7291176504911058,2.1967989579747083,4.255270907037234,56.4844913482666,-0.2689161770721353,0.5935395371268763,1.1533489395713583,10.98714828491211
33,33,30,1,30,panAndOcclusion,1,False,True,automatic,foreground,identityMinusOriginal,16704,16704,,-3.7110171555559296e-09,1.0687729408001078e-07,3.883206901091747e-07,1.9073486328125e-06,0.0,0.0,0.0,0.0
33,33,30,1,30,panAndOcclusion,1,False,True,automatic,newlyRevealedBackground,enhancedMinusOriginal,10440,0,no visible same-material predecessor,0.38421515077162216,0.3850301722152632,0.4043649485422551,1.1619670391082764,,,,
33,33,30,1,30,panAndOcclusion,1,False,True,automatic,newlyRevealedBackground,identityMinusOriginal,10440,0,no visible same-material predecessor,-3.8061714415958256e-10,2.799819712437889e-08,8.170245024355064e-08,2.384185791015625e-07,,,,
33,33,30,1,30,panAndOcclusion,1,False,True,automatic,newViewportBackground,enhancedMinusOriginal,1152,0,no visible same-material predecessor,0.3194477447067146,0.3205834677511895,0.3508849558830121,1.0852470397949219,,,,
33,33,30,1,30,panAndOcclusion,1,False,True,automatic,newViewportBackground,identityMinusOriginal,1152,0,no visible same-material predecessor,1.3797371475784866e-10,2.373147893834997e-08,7.521984770298366e-08,2.384185791015625e-07,,,,
34,34,30,1,30,panAndOcclusion,1,False,True,automatic,background,enhancedMinusOriginal,510048,498456,,-3.4589984090943746,4.142750809956312,35.822779164960465,1922.8303833007812,-0.0007021732269075634,0.6048092244751266,4.623587926970875,477.85498046875
34,34,30,1,30,panAndOcclusion,1,False,True,automatic,background,identityMinusOriginal,510048,498456,,-9.422880180667304e-11,5.217389157000032e-08,2.085705368508781e-07,1.9073486328125e-06,0.0,0.0,0.0,0.0
34,34,30,1,30,panAndOcclusion,1,False,True,automatic,foreground,enhancedMinusOriginal,8352,8352,,-1.1664926022205544,2.256216415609703,4.965689598368196,56.539384841918945,-0.3515232764850555,0.9585553711639434,1.7474737155491993,10.508872985839844
34,34,30,1,30,panAndOcclusion,1,False,True,automatic,foreground,identityMinusOriginal,8352,8352,,2.9117211528208066e-09,8.737066544183217e-08,3.4721221891318463e-07,1.9073486328125e-06,0.0,0.0,0.0,0.0
34,34,30,1,30,panAndOcclusion,1,False,True,automatic,newlyRevealedBackground,enhancedMinusOriginal,10440,0,no visible same-material predecessor,0.2470467579547473,0.796365563523876,1.5622294960158412,16.176371574401855,,,,
34,34,30,1,30,panAndOcclusion,1,False,True,automatic,newlyRevealedBackground,identityMinusOriginal,10440,0,no visible same-material predecessor,2.9003026384960187e-09,8.37890581152905e-08,3.4419349557000075e-07,1.9073486328125e-06,,,,
34,34,30,1,30,panAndOcclusion,1,False,True,automatic,newViewportBackground,enhancedMinusOriginal,1152,0,no visible same-material predecessor,0.2747021848680796,0.2776359235522924,0.2916085518563904,0.8265523910522461,,,,
34,34,30,1,30,panAndOcclusion,1,False,True,automatic,newViewportBackground,identityMinusOriginal,1152,0,no visible same-material predecessor,3.4493428689462165e-10,2.4628308084275986e-08,7.662797282408432e-08,2.384185791015625e-07,,,,
35,35,30,1,30,panAndOcclusion,1,False,True,automatic,background,enhancedMinusOriginal,518400,506808,,-4.639050791553824,5.376860218362792,48.44757556518714,1957.4171142578125,-1.3165680564198998,1.491541780618778,14.63346264999968,613.117919921875
35,35,30,1,30,panAndOcclusion,1,False,True,automatic,background,identityMinusOriginal,518400,506808,,-1.0256046130333418e-10,5.226474975852809e-08,2.0903159310848326e-07,1.9073486328125e-06,0.0,0.0,0.0,0.0
35,35,30,1,30,panAndOcclusion,1,False,True,automatic,foreground,enhancedMinusOriginal,0,0,empty region,,,,,,,,
35,35,30,1,30,panAndOcclusion,1,False,True,automatic,foreground,identityMinusOriginal,0,0,empty region,,,,,,,,
35,35,30,1,30,panAndOcclusion,1,False,True,automatic,newlyRevealedBackground,enhancedMinusOriginal,8352,0,no visible same-material predecessor,0.37297760772294014,0.5881826026534059,1.189781089482979,15.353752136230469,,,,
35,35,30,1,30,panAndOcclusion,1,False,True,automatic,newlyRevealedBackground,identityMinusOriginal,8352,0,no visible same-material predecessor,-5.614102876353843e-10,4.968005274142951e-08,2.309804296171534e-07,1.9073486328125e-06,,,,
35,35,30,1,30,panAndOcclusion,1,False,True,automatic,newViewportBackground,enhancedMinusOriginal,3240,0,no visible same-material predecessor,0.2926232588143996,0.2926232588143996,0.2992664683555836,0.4440736770629883,,,,
35,35,30,1,30,panAndOcclusion,1,False,True,automatic,newViewportBackground,identityMinusOriginal,3240,0,no visible same-material predecessor,-1.9622928321116255e-10,2.531357753423997e-08,7.768672465544372e-08,2.384185791015625e-07,,,,
36,36,30,1,30,revealedSettle,1,False,True,automatic,background,enhancedMinusOriginal,518400,518400,,-4.606025087055213,5.305177669621171,47.31062944899476,1955.0153198242188,0.03302570449861153,0.3235090190047019,2.52300744307253,145.040771484375
36,36,30,1,30,revealedSettle,1,False,True,automatic,background,identityMinusOriginal,518400,518400,,-1.0256046130333418e-10,5.226474975852809e-08,2.0903159310848326e-07,1.9073486328125e-06,0.0,0.0,0.0,0.0
36,36,30,1,30,revealedSettle,1,False,True,automatic,foreground,enhancedMinusOriginal,0,0,empty region,,,,,,,,
36,36,30,1,30,revealedSettle,1,False,True,automatic,foreground,identityMinusOriginal,0,0,empty region,,,,,,,,
36,36,30,1,30,revealedSettle,1,False,True,automatic,newlyRevealedBackground,enhancedMinusOriginal,0,0,empty region,,,,,,,,
36,36,30,1,30,revealedSettle,1,False,True,automatic,newlyRevealedBackground,identityMinusOriginal,0,0,empty region,,,,,,,,
36,36,30,1,30,revealedSettle,1,False,True,automatic,newViewportBackground,enhancedMinusOriginal,0,0,empty region,,,,,,,,
36,36,30,1,30,revealedSettle,1,False,True,automatic,newViewportBackground,identityMinusOriginal,0,0,empty region,,,,,,,,
37,37,30,1,30,revealedSettle,1,False,True,automatic,background,enhancedMinusOriginal,518400,518400,,-4.385546227918756,5.109967247594387,47.03655499413186,1944.6316528320312,0.2204788591364575,0.35365275163899634,2.4197487007037086,149.0379638671875
37,37,30,1,30,revealedSettle,1,False,True,automatic,background,identityMinusOriginal,518400,518400,,-1.0256046130333418e-10,5.226474975852809e-08,2.0903159310848326e-07,1.9073486328125e-06,0.0,0.0,0.0,0.0
37,37,30,1,30,revealedSettle,1,False,True,automatic,foreground,enhancedMinusOriginal,0,0,empty region,,,,,,,,
37,37,30,1,30,revealedSettle,1,False,True,automatic,foreground,identityMinusOriginal,0,0,empty region,,,,,,,,
37,37,30,1,30,revealedSettle,1,False,True,automatic,newlyRevealedBackground,enhancedMinusOriginal,0,0,empty region,,,,,,,,
37,37,30,1,30,revealedSettle,1,False,True,automatic,newlyRevealedBackground,identityMinusOriginal,0,0,empty region,,,,,,,,
37,37,30,1,30,revealedSettle,1,False,True,automatic,newViewportBackground,enhancedMinusOriginal,0,0,empty region,,,,,,,,
37,37,30,1,30,revealedSettle,1,False,True,automatic,newViewportBackground,identityMinusOriginal,0,0,empty region,,,,,,,,
38,38,30,1,30,revealedSettle,1,False,True,automatic,background,enhancedMinusOriginal,518400,518400,,-4.256802297035635,4.986087534593606,45.980949092226865,1947.6464233398438,0.12874393088312042,0.24626317317635296,2.304050477314219,192.874755859375
38,38,30,1,30,revealedSettle,1,False,True,automatic,background,identityMinusOriginal,518400,518400,,-1.0256046130333418e-10,5.226474975852809e-08,2.0903159310848326e-07,1.9073486328125e-06,0.0,0.0,0.0,0.0
38,38,30,1,30,revealedSettle,1,False,True,automatic,foreground,enhancedMinusOriginal,0,0,empty region,,,,,,,,
38,38,30,1,30,revealedSettle,1,False,True,automatic,foreground,identityMinusOriginal,0,0,empty region,,,,,,,,
38,38,30,1,30,revealedSettle,1,False,True,automatic,newlyRevealedBackground,enhancedMinusOriginal,0,0,empty region,,,,,,,,
38,38,30,1,30,revealedSettle,1,False,True,automatic,newlyRevealedBackground,identityMinusOriginal,0,0,empty region,,,,,,,,
38,38,30,1,30,revealedSettle,1,False,True,automatic,newViewportBackground,enhancedMinusOriginal,0,0,empty region,,,,,,,,
38,38,30,1,30,revealedSettle,1,False,True,automatic,newViewportBackground,identityMinusOriginal,0,0,empty region,,,,,,,,
39,39,30,1,30,revealedSettle,1,False,True,automatic,background,enhancedMinusOriginal,518400,518400,,-4.305389233312979,5.019334416604504,46.49040449003082,1949.28564453125,-0.04858693627734414,0.20113461218223533,1.7217827336925957,136.00341796875
39,39,30,1,30,revealedSettle,1,False,True,automatic,background,identityMinusOriginal,518400,518400,,-1.0256046130333418e-10,5.226474975852809e-08,2.0903159310848326e-07,1.9073486328125e-06,0.0,0.0,0.0,0.0
39,39,30,1,30,revealedSettle,1,False,True,automatic,foreground,enhancedMinusOriginal,0,0,empty region,,,,,,,,
39,39,30,1,30,revealedSettle,1,False,True,automatic,foreground,identityMinusOriginal,0,0,empty region,,,,,,,,
39,39,30,1,30,revealedSettle,1,False,True,automatic,newlyRevealedBackground,enhancedMinusOriginal,0,0,empty region,,,,,,,,
39,39,30,1,30,revealedSettle,1,False,True,automatic,newlyRevealedBackground,identityMinusOriginal,0,0,empty region,,,,,,,,
39,39,30,1,30,revealedSettle,1,False,True,automatic,newViewportBackground,enhancedMinusOriginal,0,0,empty region,,,,,,,,
39,39,30,1,30,revealedSettle,1,False,True,automatic,newViewportBackground,identityMinusOriginal,0,0,empty region,,,,,,,,
40,40,30,1,30,revealedSettle,1,False,True,automatic,background,enhancedMinusOriginal,518400,518400,,-4.149075266607413,4.846242902946847,43.19325167167549,1941.3939208984375,0.1563139667055657,0.4127867031286554,4.332194454403877,172.1636962890625
40,40,30,1,30,revealedSettle,1,False,True,automatic,background,identityMinusOriginal,518400,518400,,-1.0256046130333418e-10,5.226474975852809e-08,2.0903159310848326e-07,1.9073486328125e-06,0.0,0.0,0.0,0.0
40,40,30,1,30,revealedSettle,1,False,True,automatic,foreground,enhancedMinusOriginal,0,0,empty region,,,,,,,,
40,40,30,1,30,revealedSettle,1,False,True,automatic,foreground,identityMinusOriginal,0,0,empty region,,,,,,,,
40,40,30,1,30,revealedSettle,1,False,True,automatic,newlyRevealedBackground,enhancedMinusOriginal,0,0,empty region,,,,,,,,
40,40,30,1,30,revealedSettle,1,False,True,automatic,newlyRevealedBackground,identityMinusOriginal,0,0,empty region,,,,,,,,
40,40,30,1,30,revealedSettle,1,False,True,automatic,newViewportBackground,enhancedMinusOriginal,0,0,empty region,,,,,,,,
40,40,30,1,30,revealedSettle,1,False,True,automatic,newViewportBackground,identityMinusOriginal,0,0,empty region,,,,,,,,
41,41,30,1,30,revealedSettle,1,False,True,automatic,background,enhancedMinusOriginal,518400,518400,,-4.459382004395999,5.200143911212757,47.82594382543736,1954.048828125,-0.3103067377885854,0.44491314831410184,5.4207842323424105,213.0018310546875
41,41,30,1,30,revealedSettle,1,False,True,automatic,background,identityMinusOriginal,518400,518400,,-1.0256046130333418e-10,5.226474975852809e-08,2.0903159310848326e-07,1.9073486328125e-06,0.0,0.0,0.0,0.0
41,41,30,1,30,revealedSettle,1,False,True,automatic,foreground,enhancedMinusOriginal,0,0,empty region,,,,,,,,
41,41,30,1,30,revealedSettle,1,False,True,automatic,foreground,identityMinusOriginal,0,0,empty region,,,,,,,,
41,41,30,1,30,revealedSettle,1,False,True,automatic,newlyRevealedBackground,enhancedMinusOriginal,0,0,empty region,,,,,,,,
41,41,30,1,30,revealedSettle,1,False,True,automatic,newlyRevealedBackground,identityMinusOriginal,0,0,empty region,,,,,,,,
41,41,30,1,30,revealedSettle,1,False,True,automatic,newViewportBackground,enhancedMinusOriginal,0,0,empty region,,,,,,,,
41,41,30,1,30,revealedSettle,1,False,True,automatic,newViewportBackground,identityMinusOriginal,0,0,empty region,,,,,,,,
42,42,30,1,30,revealedSettle,1,False,True,automatic,background,enhancedMinusOriginal,518400,518400,,-4.464261688297732,5.165419440116736,46.903483290314064,1956.9768676757812,-0.004879683901733334,0.24691472063426367,2.349165568887836,136.3416748046875
42,42,30,1,30,revealedSettle,1,False,True,automatic,background,identityMinusOriginal,518400,518400,,-1.0256046130333418e-10,5.226474975852809e-08,2.0903159310848326e-07,1.9073486328125e-06,0.0,0.0,0.0,0.0
42,42,30,1,30,revealedSettle,1,False,True,automatic,foreground,enhancedMinusOriginal,0,0,empty region,,,,,,,,
42,42,30,1,30,revealedSettle,1,False,True,automatic,foreground,identityMinusOriginal,0,0,empty region,,,,,,,,
42,42,30,1,30,revealedSettle,1,False,True,automatic,newlyRevealedBackground,enhancedMinusOriginal,0,0,empty region,,,,,,,,
42,42,30,1,30,revealedSettle,1,False,True,automatic,newlyRevealedBackground,identityMinusOriginal,0,0,empty region,,,,,,,,
42,42,30,1,30,revealedSettle,1,False,True,automatic,newViewportBackground,enhancedMinusOriginal,0,0,empty region,,,,,,,,
42,42,30,1,30,revealedSettle,1,False,True,automatic,newViewportBackground,identityMinusOriginal,0,0,empty region,,,,,,,,
43,43,30,1,30,revealedSettle,1,False,True,automatic,background,enhancedMinusOriginal,518400,518400,,-4.30879510720295,5.023707259676109,45.49925066074427,1959.5198974609375,0.15546658109478295,0.30272742748406856,2.7297049040906334,160.925048828125
43,43,30,1,30,revealedSettle,1,False,True,automatic,background,identityMinusOriginal,518400,518400,,-1.0256046130333418e-10,5.226474975852809e-08,2.0903159310848326e-07,1.9073486328125e-06,0.0,0.0,0.0,0.0
43,43,30,1,30,revealedSettle,1,False,True,automatic,foreground,enhancedMinusOriginal,0,0,empty region,,,,,,,,
43,43,30,1,30,revealedSettle,1,False,True,automatic,foreground,identityMinusOriginal,0,0,empty region,,,,,,,,
43,43,30,1,30,revealedSettle,1,False,True,automatic,newlyRevealedBackground,enhancedMinusOriginal,0,0,empty region,,,,,,,,
43,43,30,1,30,revealedSettle,1,False,True,automatic,newlyRevealedBackground,identityMinusOriginal,0,0,empty region,,,,,,,,
43,43,30,1,30,revealedSettle,1,False,True,automatic,newViewportBackground,enhancedMinusOriginal,0,0,empty region,,,,,,,,
43,43,30,1,30,revealedSettle,1,False,True,automatic,newViewportBackground,identityMinusOriginal,0,0,empty region,,,,,,,,
44,44,30,1,30,revealedSettle,1,False,True,automatic,background,enhancedMinusOriginal,518400,518400,,-4.353350677310326,5.05913625628591,44.56218728833731,1941.058349609375,-0.044555570107376645,0.33166057930866555,3.0595175643652035,134.655029296875
44,44,30,1,30,revealedSettle,1,False,True,automatic,background,identityMinusOriginal,518400,518400,,-1.0256046130333418e-10,5.226474975852809e-08,2.0903159310848326e-07,1.9073486328125e-06,0.0,0.0,0.0,0.0
44,44,30,1,30,revealedSettle,1,False,True,automatic,foreground,enhancedMinusOriginal,0,0,empty region,,,,,,,,
44,44,30,1,30,revealedSettle,1,False,True,automatic,foreground,identityMinusOriginal,0,0,empty region,,,,,,,,
44,44,30,1,30,revealedSettle,1,False,True,automatic,newlyRevealedBackground,enhancedMinusOriginal,0,0,empty region,,,,,,,,
44,44,30,1,30,revealedSettle,1,False,True,automatic,newlyRevealedBackground,identityMinusOriginal,0,0,empty region,,,,,,,,
44,44,30,1,30,revealedSettle,1,False,True,automatic,newViewportBackground,enhancedMinusOriginal,0,0,empty region,,,,,,,,
44,44,30,1,30,revealedSettle,1,False,True,automatic,newViewportBackground,identityMinusOriginal,0,0,empty region,,,,,,,,
45,45,30,1,30,revealedSettle,1,False,True,automatic,background,enhancedMinusOriginal,518400,518400,,-4.150740479511703,4.819828910202585,42.09958044973424,1924.1632080078125,0.20261019779862324,0.33457558546193855,3.3606294738730575,170.497314453125
45,45,30,1,30,revealedSettle,1,False,True,automatic,background,identityMinusOriginal,518400,518400,,-1.0256046130333418e-10,5.226474975852809e-08,2.0903159310848326e-07,1.9073486328125e-06,0.0,0.0,0.0,0.0
45,45,30,1,30,revealedSettle,1,False,True,automatic,foreground,enhancedMinusOriginal,0,0,empty region,,,,,,,,
45,45,30,1,30,revealedSettle,1,False,True,automatic,foreground,identityMinusOriginal,0,0,empty region,,,,,,,,
45,45,30,1,30,revealedSettle,1,False,True,automatic,newlyRevealedBackground,enhancedMinusOriginal,0,0,empty region,,,,,,,,
45,45,30,1,30,revealedSettle,1,False,True,automatic,newlyRevealedBackground,identityMinusOriginal,0,0,empty region,,,,,,,,
45,45,30,1,30,revealedSettle,1,False,True,automatic,newViewportBackground,enhancedMinusOriginal,0,0,empty region,,,,,,,,
45,45,30,1,30,revealedSettle,1,False,True,automatic,newViewportBackground,identityMinusOriginal,0,0,empty region,,,,,,,,
46,46,30,1,30,revealedSettle,1,False,True,automatic,background,enhancedMinusOriginal,518400,518400,,-4.745307257759574,5.4763064146052995,49.5571660695599,1960.7716674804688,-0.5945667782478711,0.6997588416960829,8.381745200364385,275.5301513671875
46,46,30,1,30,revealedSettle,1,False,True,automatic,background,identityMinusOriginal,518400,518400,,-1.0256046130333418e-10,5.226474975852809e-08,2.0903159310848326e-07,1.9073486328125e-06,0.0,0.0,0.0,0.0
46,46,30,1,30,revealedSettle,1,False,True,automatic,foreground,enhancedMinusOriginal,0,0,empty region,,,,,,,,
46,46,30,1,30,revealedSettle,1,False,True,automatic,foreground,identityMinusOriginal,0,0,empty region,,,,,,,,
46,46,30,1,30,revealedSettle,1,False,True,automatic,newlyRevealedBackground,enhancedMinusOriginal,0,0,empty region,,,,,,,,
46,46,30,1,30,revealedSettle,1,False,True,automatic,newlyRevealedBackground,identityMinusOriginal,0,0,empty region,,,,,,,,
46,46,30,1,30,revealedSettle,1,False,True,automatic,newViewportBackground,enhancedMinusOriginal,0,0,empty region,,,,,,,,
46,46,30,1,30,revealedSettle,1,False,True,automatic,newViewportBackground,identityMinusOriginal,0,0,empty region,,,,,,,,
47,47,30,1,30,revealedSettle,1,False,True,automatic,background,enhancedMinusOriginal,518400,518400,,-4.450002047379401,5.146603543036043,44.32350826460476,1934.9495849609375,0.29530521038017227,0.5520379292783139,6.00957075809288,225.3272705078125
47,47,30,1,30,revealedSettle,1,False,True,automatic,background,identityMinusOriginal,518400,518400,,-1.0256046130333418e-10,5.226474975852809e-08,2.0903159310848326e-07,1.9073486328125e-06,0.0,0.0,0.0,0.0
47,47,30,1,30,revealedSettle,1,False,True,automatic,foreground,enhancedMinusOriginal,0,0,empty region,,,,,,,,
47,47,30,1,30,revealedSettle,1,False,True,automatic,foreground,identityMinusOriginal,0,0,empty region,,,,,,,,
47,47,30,1,30,revealedSettle,1,False,True,automatic,newlyRevealedBackground,enhancedMinusOriginal,0,0,empty region,,,,,,,,
47,47,30,1,30,revealedSettle,1,False,True,automatic,newlyRevealedBackground,identityMinusOriginal,0,0,empty region,,,,,,,,
47,47,30,1,30,revealedSettle,1,False,True,automatic,newViewportBackground,enhancedMinusOriginal,0,0,empty region,,,,,,,,
47,47,30,1,30,revealedSettle,1,False,True,automatic,newViewportBackground,identityMinusOriginal,0,0,empty region,,,,,,,,
