revealSourceFrameIndex,observedSourceFrameIndex,ageFrames,finalObservation,cohortPixels,supportPixels,originalCorrespondenceBitExact,reason,enhancedMinusOriginal_signedMeanNits,enhancedMinusOriginal_meanAbsoluteNits,enhancedMinusOriginal_rmsNits,enhancedMinusOriginal_maximumAbsoluteNits,changeFromReveal_signedMeanNits,changeFromReveal_meanAbsoluteNits,changeFromReveal_rmsNits,changeFromReveal_maximumAbsoluteNits
8,8,0,False,10440,10440,True,,0.0672485512144873,0.9890462122010697,1.5358615515357796,8.447980880737305,0.0,0.0,0.0,0.0
8,9,1,False,10440,10440,True,,0.01353488946059959,0.9272334123537002,1.4921626119618059,8.825838565826416,-0.05371366175388772,0.23819631649274023,0.4552994411015319,4.544805526733398
9,9,0,False,10440,10440,True,,-11.257897951126415,13.907500797476665,61.53842317806887,844.5689086914062,0.0,0.0,0.0,0.0
8,10,2,False,10440,10440,True,,0.013240619774522452,0.9431999319814631,1.5131551454244025,8.540163040161133,-0.05400793143996486,0.3219120773699701,0.5544379723751912,4.7350053787231445
9,10,1,False,10440,10440,True,,-9.69287875311825,11.439279518346035,47.84714050637739,774.5957336425781,1.5650191980081647,6.236743905536276,37.08634015327784,549.2925415039062
10,10,0,False,10440,10440,True,,-17.04846266279887,19.1188956576076,57.89495837173308,819.8467407226562,0.0,0.0,0.0,0.0
9,11,2,False,10440,10440,True,,-8.280645067419316,9.988077791210676,45.594565742500706,795.6408081054688,2.977252883707098,7.0655409519783055,38.81958737604734,586.3234252929688
10,11,1,False,10440,10440,True,,-13.192177434065908,14.68116776438901,44.86790591523853,818.0838928222656,3.856285228732959,6.164356796214617,29.809945865763446,436.51806640625
11,11,0,False,10440,10440,True,,-5.713560644339468,7.346676631665005,41.99013573449706,823.3215942382812,0.0,0.0,0.0,0.0
8,12,4,False,10440,10440,True,,0.03217811671824291,0.9364731198469342,1.5145164219917422,8.63215446472168,-0.035070434496244404,0.24163894363480357,0.44011105388095306,4.667669296264648
10,12,2,False,10440,10440,True,,-7.604100036933735,9.47305360426597,38.83429284202112,800.6816711425781,9.444362625865132,11.046061351541537,36.079918787632764,473.13525390625
11,12,1,False,10440,10440,True,,-3.8418851209206952,5.906935388545824,38.805405166484384,811.5779113769531,1.871675523418773,2.3764756153185633,9.638993917095622,194.48046875
12,12,0,False,10440,10440,True,,-0.09522108560092604,1.2114794628335446,2.1087773228875966,19.117265701293945,0.0,0.0,0.0,0.0
9,13,4,False,10440,10440,True,,-6.551103164064597,8.440561889099863,42.590038964705215,840.1900939941406,4.706794787061818,7.267380627622771,39.4360137567401,599.5375366210938
11,13,2,False,10440,10440,True,,-4.479693556823442,6.300503705213607,38.492164958610985,886.1558837890625,1.233867087516026,2.465558933307017,11.809765715613795,236.01300048828125
12,13,1,False,10440,10440,True,,-0.07255679769572322,1.0734551797139233,1.7795258646021115,17.281651496887207,0.02266428790520282,0.37173212652652504,0.9143437065548845,10.759160995483398
13,13,0,False,10440,10440,True,,-0.17566033321626645,1.228076186483086,1.994278976273939,18.82339382171631,0.0,0.0,0.0,0.0
10,14,4,False,10440,10440,True,,-13.267983255328879,14.768370185107335,45.62551744336704,840.1563720703125,3.780479407469988,6.272669449604044,30.075107379091143,472.71844482421875
12,14,2,False,10440,10440,True,,-0.14388832003639423,1.0256987322545295,1.7635209132289624,17.934638023376465,-0.048667234435468186,0.4813529190794109,1.0473827432661225,11.482913970947266
13,14,1,False,10440,10440,True,,-0.22022285300805347,1.2231881307763919,1.9898401923133915,17.870960235595703,-0.044562519791787006,0.26087499817745285,0.3966542880708011,2.628459930419922
14,14,0,False,10440,10440,True,,-0.09763414441854104,0.9237571306764547,1.5188101179608342,8.494479179382324,0.0,0.0,0.0,0.0
11,15,4,False,10440,10440,True,,-8.34425659033358,9.797208042138484,45.81057232046554,846.0889282226562,-2.6306959459941126,3.315229801697559,12.751479773340744,217.35394287109375
13,15,2,False,10440,10440,True,,-0.08125465692307605,1.236567496252395,1.9977197209631021,18.95185375213623,0.09440567629319041,0.35255247341566465,0.538595697915664,4.398731231689453
14,15,1,False,10440,10440,True,,0.04202865737265554,0.9518082914624177,1.5025294065952741,8.511126518249512,0.13966280179119658,0.24159432365862346,0.4724154357330387,5.0093536376953125
15,15,0,False,10440,10440,True,,0.03898302807471457,0.9265377550689197,1.4712927137631184,8.532558917999268,0.0,0.0,0.0,0.0
8,16,8,False,10440,10440,True,,0.0522158421794878,0.9573947597033372,1.533820748625208,8.459855079650879,-0.015032709034999515,0.3173283265068613,0.5461337419492106,4.611886978149414
12,16,4,False,10440,10440,True,,0.017488573868384306,1.1242088690590433,1.8909450271834625,18.63653564453125,0.11270965946931036,0.36864732847397963,1.0136448584926294,12.583503723144531
14,16,2,False,10440,10440,True,,0.08557137479080247,0.9734831494180484,1.5210703370622964,8.558217525482178,0.1832055192093435,0.3344032747097703,0.5795014991096905,4.960121154785156
15,16,1,False,10440,10440,True,,0.08199381137868605,0.9299705402985082,1.457966770572758,8.412100791931152,0.04301078330397149,0.18281573125876077,0.2949315651870916,1.7257556915283203
16,16,0,False,10440,10440,True,,0.07994862877850636,0.9938813696038525,1.5367813844231117,8.192263126373291,0.0,0.0,0.0,0.0
9,17,8,False,10440,10440,True,,-11.367848080690143,12.864735556581731,49.89436098396458,786.6302490234375,-0.1099501295637287,7.075292438284124,37.14858258867195,557.3259887695312
13,17,4,False,10440,10440,True,,0.0017420441045462704,1.232684812088655,1.982093111697224,18.57471752166748,0.17740237732081274,0.3663309613463979,0.5880231026156446,4.514106750488281
15,17,2,False,10440,10440,True,,0.04458968161508955,0.932969913406162,1.4764232532932682,8.345822811126709,0.00560665354037498,0.27367155306412344,0.4347454055317388,2.992424964904785
16,17,1,False,10440,10440,True,,0.04251361658860897,0.9585669656461379,1.515392745433357,8.464754104614258,-0.037435012189897386,0.20995613316200093,0.3696767322874803,3.003152847290039
17,17,0,False,10440,10440,True,,-7.433780894579787,8.219281353631162,16.756441509212525,105.3896255493164,0.0,0.0,0.0,0.0
10,18,8,False,10440,10440,True,,-16.314914432231166,17.80739507452736,49.85511529257968,843.407470703125,0.733548230567702,5.105660108807538,28.755757082098757,447.50152587890625
14,18,4,False,10440,10440,True,,0.18404100067808862,0.9635858712506172,1.469947798122987,8.201925277709961,0.28167514509662966,0.32726092290033326,0.544585076579092,5.042081832885742
16,18,2,False,10440,10440,True,,0.15580937535065495,0.9588291416679763,1.4693786433234661,8.165879249572754,0.0758607465721486,0.27962558047981556,0.4497952644470012,2.737497329711914
17,18,1,False,10440,10440,True,,-4.460921778957125,5.531037883921068,11.790174171451364,105.6441421508789,2.972859115622662,3.2684673263918547,8.15868177877829,73.5408935546875
18,18,0,False,10440,10440,True,,-5.631747272896127,6.5604661691995725,12.574018829487448,104.26954650878906,0.0,0.0,0.0,0.0
11,19,8,False,10440,10440,True,,-6.06960717943449,7.612471841082084,40.09476223282769,844.0317687988281,-0.3560465350950222,2.3936350556442267,11.945877695329383,219.885498046875
15,19,4,False,10440,10440,True,,-0.03017839346542517,0.9439769880924646,1.5234541721196437,8.642472743988037,-0.06916142154013974,0.21653202492386903,0.35704690009821605,3.107797622680664
17,19,2,False,10440,10440,True,,-6.91639804882717,7.8288178412469716,14.696440377244482,109.19533729553223,0.5173828457526168,2.405217223683917,6.420754983065254,63.06074523925781
18,19,1,False,10440,10440,True,,-8.632688217441698,9.138718773647286,15.117543968711077,102.95507049560547,-3.0009409445455706,3.2814821531489433,4.584863968064252,24.371444702148438
19,19,0,False,10440,10440,True,,-0.008706744395833972,0.9139766812000999,1.477258413778746,8.49002981185913,0.0,0.0,0.0,0.0
12,20,8,False,10440,10440,True,,0.08107456239285292,1.1091855545895766,1.8252642776428876,18.38588809967041,0.17629564799377898,0.46561896623436977,1.1131848163680687,11.776039123535156
16,20,4,False,10440,10440,True,,0.10527972050705785,0.9606910766160656,1.4917905885628147,8.254068374633789,0.025331091728551483,0.227402282484342,0.3999413535785002,3.383441925048828
18,20,2,False,10440,10440,True,,-9.143532578171365,9.919461553190784,15.694425677099064,99.65139389038086,-3.511785305275238,4.17996571386949,5.793275854351802,20.865493774414062
19,20,1,False,10440,10440,True,,0.0799540610948285,0.964187018080385,1.5046681202892704,8.34745168685913,0.08866080549066246,0.23755857419046558,0.4466721690412756,4.526661396026611
20,20,0,False,10440,10440,True,,-14.243741336540767,15.637272634287513,99.4352954160066,1993.0906066894531,0.0,0.0,0.0,0.0
13,21,8,False,10440,10440,True,,0.001962921700867352,1.245194487473517,2.0185524212595136,19.225529670715332,0.17762325491713382,0.41001196142814167,0.6404461198767621,5.203117370605469
17,21,4,False,10440,10440,True,,-7.235762860116907,8.173006579388375,14.531272336725392,100.80947494506836,0.19801803446288005,2.237532789805383,6.119223067494666,67.49122619628906
19,21,2,False,10440,10440,True,,0.035524087350715626,0.9567691161657659,1.510549763724235,8.215828895568848,0.04423083174654959,0.3055599144059275,0.515648441505743,4.187121868133545
20,21,1,False,10440,10440,True,,-15.188172007250298,16.64393522080562,99.6427871346758,1961.2100830078125,-0.9444306707095312,4.679489413463055,35.06473172986846,662.1461181640625
21,21,0,False,10440,10440,True,,-65.40739029374159,66.42034122381327,195.4003272585811,1906.2993774414062,0.0,0.0,0.0,0.0
14,22,8,False,10440,10440,True,,0.0832402137085548,0.961435476173843,1.5071285711398976,8.554250240325928,0.18087435812709585,0.33321584196687504,0.5850052793185946,5.109760284423828
18,22,4,False,10440,10440,True,,-9.14096149179328,9.903395121343824,16.533040422051066,107.87603378295898,-3.5092142188971525,3.7618278021157017,5.351689331145729,25.609893798828125
20,22,2,False,10440,10440,True,,-14.579102926161783,15.921461267164155,96.41632941236443,1819.947509765625,-0.33536158962101503,4.877740895319707,37.0164644225612,769.51708984375
21,22,1,False,10440,10440,True,,-54.66211089696045,55.68758279873227,163.53503857723243,1846.8679809570312,10.74527939678114,11.02180342820222,45.29282524898792,804.3270263671875
22,22,0,False,10440,10440,True,,-25.931653230491726,27.109692366522086,122.55551245950215,1949.2550048828125,0.0,0.0,0.0,0.0
15,23,8,False,10440,10440,True,,0.12299553494267688,0.960429368032045,1.4977533431875054,8.408786296844482,0.08401250686796233,0.29664786794671305,0.49537610391676723,3.2723140716552734
19,23,4,False,10440,10440,True,,0.05459432190481578,0.9828725437818054,1.5484273512728444,8.480241775512695,0.06330106630064976,0.280286640467391,0.546767701240627,5.365833759307861
21,23,2,False,10440,10440,True,,-51.826974660664376,52.8950302469129,155.45967973162425,1860.3289184570312,13.580415633077214,13.86986343006902,51.6538098652404,894.31640625
22,23,1,False,10440,10440,True,,-23.530599269681012,24.726125371771108,112.73230420982462,1981.4977416992188,2.401053960810714,2.8801810010554005,17.427025201805098,421.3828125
23,23,0,False,10440,10440,True,,0.154005380795072,0.9430765159018957,1.4486853985805046,8.174552917480469,0.0,0.0,0.0,0.0
16,24,8,False,10440,10440,True,,0.07002354883142815,0.9167582149706581,1.4544701422930135,8.554130554199219,-0.009925079947078213,0.29778577568506676,0.47846322360175586,2.934680938720703
20,24,4,False,10440,10440,True,,-16.76621102881576,18.128797481607737,107.49214036747807,1855.7229614257812,-2.5224696922749947,5.709847671050212,38.332094273190364,606.6968994140625
22,24,2,False,10440,10440,True,,-31.01786427548676,32.14977929459487,141.33855048871828,1939.0855102539062,-5.086211044995036,6.196223632142538,28.106784782008496,424.011474609375
23,24,1,False,10440,10440,True,,0.1214034387587283,0.9688506019907132,1.4983539633284826,8.402356624603271,-0.032601942036343715,0.19599656518620093,0.3261530605486895,2.2159981727600098
24,24,0,False,10440,10440,True,,0.12608332402176328,0.9702242277324733,1.4841800507608576,8.361902713775635,0.0,0.0,0.0,0.0
17,25,8,False,10440,10440,True,,-8.264403622752557,9.279083779416169,16.723997542843964,108.03455352783203,-0.8306227281727706,2.801700432054308,6.341817332478879,60.30311584472656
21,25,4,False,10440,10440,True,,-68.83539660188012,69.89090040655923,202.25152459386084,1939.1381225585938,-3.4280063081385226,7.498400594929702,34.787297751446395,691.478271484375
23,25,2,False,10440,10440,True,,0.1457426871262291,0.9562539530706284,1.4728250313190072,8.389880657196045,-0.008262693668842925,0.25994563190264114,0.39398568155077457,2.011575698852539
24,25,1,False,10440,10440,True,,0.17890484590716138,0.9681061703697474,1.4744566008684956,8.14650583267212,0.0528215218853981,0.22302047489246646,0.46452715496377756,4.913434028625488
25,25,0,False,10440,10440,True,,0.23268879070440318,0.717162760136837,1.1715894289643396,8.17716932296753,0.0,0.0,0.0,0.0
18,26,8,False,10440,10440,True,,-10.784468274610177,11.559664768012928,18.97768137092716,106.68698501586914,-5.152721001714049,5.420815866650826,8.159052984560045,39.131500244140625
22,26,4,False,10440,10440,True,,-33.16393866372291,34.4680602461975,150.65562479475471,1859.5988159179688,-7.232285433231186,7.735512547493742,34.41229095803658,433.587646484375
24,26,2,False,10440,10440,True,,0.18790893895339844,1.0046702919068768,1.5092715646451482,8.156094551086426,0.061825614931635166,0.3200581798303782,0.5529955543078378,4.7420196533203125
25,26,1,False,10440,10440,True,,0.21071721548321604,0.7072741829344139,1.1527611201878416,8.366973400115967,-0.02197157522118716,0.14089837855306164,0.22270060453700824,1.4356307983398438
26,26,0,False,10440,10440,True,,0.3472767812957557,0.3472767812957557,0.3573879921351173,0.8489797115325928,0.0,0.0,0.0,0.0
19,27,8,False,10440,10440,True,,-0.014401948044735505,0.9337020863556466,1.5085951353473441,8.24553394317627,-0.0056952036489015334,0.32832721251980096,0.5692524660145805,4.869876384735107
23,27,4,False,10440,10440,True,,0.09572117277260485,0.9401400741223023,1.4595561578502438,8.189671039581299,-0.05828420802246717,0.22742096841868162,0.36060350995407925,2.204233169555664
25,27,2,False,10440,10440,True,,0.17115947814660662,0.7011811820673608,1.1692276156836057,8.307317733764648,-0.06152931255779656,0.20089850480148466,0.34178039504462737,2.5319643020629883
26,27,1,False,10440,10440,True,,0.34331325336358254,0.34331325336358254,0.3491597171696579,0.5219721794128418,-0.003963527932173143,0.03632723283341409,0.06667137649074766,0.6092591285705566
27,27,0,False,10440,10440,True,,0.3236206837122163,0.8719057346783379,1.5947787727831166,15.592307090759277,0.0,0.0,0.0,0.0
20,28,8,False,10440,10440,True,,-16.583479167288825,17.936858287603997,106.36011460376005,1855.4613037109375,-2.339737830748056,5.8476785738937,38.379290015697144,623.3079833984375
24,28,4,False,10440,10440,True,,0.1706355598808705,0.9717250515865031,1.4653561492443983,8.193665027618408,0.04455223585910724,0.24315799334649077,0.45057502043964587,4.759503364562988
26,28,2,False,10440,10440,True,,0.3552985690296229,0.3552985690296229,0.36252290888575567,0.5445938110351562,0.00802178773386725,0.04423110143282709,0.07269910468658412,0.6527001857757568
27,28,1,False,10440,10440,True,,0.5267444937812262,1.0012211121399892,1.751411753477016,15.87042236328125,0.20312381006900987,0.30679774310244756,0.6487834566577783,5.075023651123047
28,28,0,False,10440,10440,True,,0.42432806102861087,0.4326653173067256,0.5384713104112179,4.535514831542969,0.0,0.0,0.0,0.0
21,29,8,False,10440,10440,True,,-70.58121512426423,71.59285222013335,206.376527571172,1939.6842041015625,-5.173824830522634,9.32106610021981,36.71249974064296,662.3905029296875
25,29,4,False,10440,10440,True,,0.13634070866333267,0.6968531983831986,1.186351602037933,8.507678031921387,-0.09634808204107054,0.16493529696802525,0.25922756707101485,1.8706903457641602
27,29,2,False,10440,10440,True,,0.3839259141934786,0.8720906582600312,1.6085898378495356,15.782560348510742,0.060305230481262254,0.29914437784774095,0.5995860578747627,5.407676696777344
28,29,1,False,10440,10440,True,,0.3416039943999562,0.34465313253122576,0.4157436896845142,3.5630388259887695,-0.08272406662865464,0.10630469732509872,0.16189656505410083,1.2440881729125977
29,29,0,False,10440,10440,True,,0.3720509514117454,0.3729576428807406,0.3926580796578195,1.157325029373169,0.0,0.0,0.0,0.0
22,30,8,False,10440,10440,True,,-35.290066046135486,36.420871574048185,158.62012548408748,1937.0582275390625,-9.358412815643758,9.987054595686162,44.77742191114652,568.40771484375
26,30,4,False,10440,10440,True,,0.32735521210640633,0.32735521210640633,0.33089228634705786,0.4637918472290039,-0.019921569189349352,0.04002120366193935,0.06805666839160718,0.5825865268707275
28,30,2,False,10440,10440,True,,0.3570820832085031,0.3662995921317036,0.43979262336690095,3.7037839889526367,-0.06724597782010776,0.10016179832309903,0.15811413069208868,0.9119341373443604
29,30,1,False,10440,10440,True,,0.3551572442587613,0.3551572442587613,0.36129483860699946,0.5320100784301758,-0.01689370715298415,0.050153769356689845,0.11050676295124832,0.8762238025665283
30,30,0,False,10440,10440,True,,0.38828403395558986,0.3884543988287525,0.4015172166545011,1.0539493560791016,0.0,0.0,0.0,0.0
23,31,8,False,10440,10440,True,,0.007569758618776216,0.9139701017665072,1.458664157368959,8.363651752471924,-0.1464356221762958,0.2935890475147681,0.449814256856959,2.5658912658691406
27,31,4,False,10440,10440,True,,0.35026333780428764,0.7853577429383498,1.4223977107695291,14.658287048339844,0.02664265409207131,0.21491741561265437,0.3786315010841821,2.6666717529296875
29,31,2,False,10440,10440,True,,0.3231173730064017,0.3231173730064017,0.32947684697140495,0.5041050910949707,-0.04893357840534371,0.07167437623134823,0.12168059552378249,0.8949222564697266
30,31,1,False,10440,10440,True,,0.33147280976690097,0.33147280976690097,0.3384609677145809,0.5150470733642578,-0.05681122418868892,0.06727292544540317,0.10503323027441501,0.7956924438476562
31,31,0,False,10440,10440,True,,0.38585945303108193,0.38585945303108193,0.39975724488840214,1.001244306564331,0.0,0.0,0.0,0.0
24,32,8,False,10440,10440,True,,0.04016953152943388,0.9396012086939842,1.4842356746737575,8.427152156829834,-0.08591379249232939,0.32421146399825623,0.5322149472184156,4.499677658081055
28,32,4,False,10440,10440,True,,0.31107683704350036,0.32646660514337655,0.47308308611788846,4.972042083740234,-0.1132512239851105,0.1379280514605962,0.17022606303745197,0.9660446643829346
30,32,2,False,10440,10440,True,,0.30287742420631353,0.30287742420631353,0.30908142454635795,0.47309303283691406,-0.08540660974927637,0.09246422305874441,0.1227501398380529,0.821953535079956
31,32,1,False,10440,10440,True,,0.3036517778499525,0.3036517778499525,0.3107970828065662,0.4771900177001953,-0.08220767518112942,0.08430593892227796,0.11500720400870065,0.7289848327636719
32,32,0,False,10440,10440,True,,0.3327542443385069,0.333443014603465,0.3501475754514145,1.0348999500274658,0.0,0.0,0.0,0.0
25,33,8,False,10440,10440,True,,0.18924330197379355,0.6986640438266184,1.1759113031936035,8.736260890960693,-0.04344548873060965,0.1988515682071257,0.33084550962620607,2.6649513244628906
29,33,4,False,10440,10440,True,,0.327102612634576,0.327102612634576,0.33085746143277917,0.4847145080566406,-0.044948338777169417,0.06586751744512702,0.11960628322142401,0.8933486938476562
31,33,2,False,10440,10440,True,,0.3218320503849941,0.3218320503849941,0.325406960084248,0.4577293395996094,-0.0640274026460879,0.07275353462303279,0.10490676480702943,0.7088236808776855
32,33,1,False,10440,10440,True,,0.32958535597698896,0.32958535597698896,0.3339488460586597,0.47516775131225586,-0.0031688883615179535,0.05198512726664391,0.09716872050727485,0.7638113498687744
33,33,0,False,10440,10440,True,,0.38421515077162216,0.3850301722152632,0.4043649485422551,1.1619670391082764,0.0,0.0,0.0,0.0
26,34,8,False,10440,10440,True,,0.2435766148194195,0.2435766148194195,0.2468456142880603,0.3932619094848633,-0.10370016647633618,0.10820329256289155,0.12486469128136712,0.6552250385284424
30,34,4,False,10440,10440,True,,0.26375889124998186,0.26375889124998186,0.26653385361802834,0.3719010353088379,-0.124525142705608,0.1296597564052957,0.15359826786556635,0.8302781581878662
32,34,2,False,10440,10440,True,,0.2631988341324174,0.2631988341324174,0.2660420026820379,0.39819812774658203,-0.06955541020608953,0.08584147164952557,0.12013456227808283,0.7865517139434814
33,34,1,False,10440,10440,True,,0.27636473867019323,0.27636473867019323,0.2806856172813073,0.48101377487182617,-0.10785041210142893,0.1236441038120752,0.15903734750522716,0.9066414833068848
34,34,0,False,10440,10440,True,,0.2470467579547473,0.796365563523876,1.5622294960158412,16.176371574401855,0.0,0.0,0.0,0.0
27,35,8,False,10440,10440,True,,0.4828083386747012,0.8775678591100954,1.5032721699645186,14.564051628112793,0.15918765496248485,0.3354157048737866,0.6457085962842422,5.672935485839844
31,35,4,False,10440,10440,True,,0.2892552870671868,0.2892552870671868,0.2936652613116247,0.44237709045410156,-0.09660416596389518,0.09825664212116032,0.12598529620041407,0.6901302337646484
33,35,2,False,10440,10440,True,,0.29238839903858277,0.29238839903858277,0.2964918740977265,0.44226980209350586,-0.09182675173303938,0.10643197324693127,0.14740577694641419,0.9047958850860596
34,35,1,False,10440,10440,True,,0.5250527108956419,0.7904139090733814,1.381238868949142,15.398484230041504,0.2780059529408946,0.3539887727943569,1.0314494101328613,12.527667999267578
35,35,0,False,8352,8352,True,,0.37297760772294014,0.5881826026534059,1.189781089482979,15.353752136230469,0.0,0.0,0.0,0.0
28,36,8,False,10440,10440,True,,0.3093788433729613,0.3193867080284718,0.40072585786760045,3.692718505859375,-0.11494921765564958,0.140962578533253,0.18827126444825074,1.1045894622802734
32,36,4,False,10440,10440,True,,0.2776203452094457,0.2776203452094457,0.2804069815480969,0.3858919143676758,-0.055133899129061255,0.07912152431629323,0.11352821305360908,0.7696487903594971
34,36,2,False,10440,10440,True,,0.4227678145751795,0.7098096040359402,1.3167217585082658,15.331636428833008,0.1757210566204322,0.2996510023776903,0.9295670977398326,12.3363037109375
35,36,1,False,8352,8352,True,,0.3173994029732956,0.5548141453305728,1.1644854322513718,15.395816802978516,-0.055578204749644484,0.05872586536986009,0.12333449903574152,1.104146957397461
29,37,8,False,10440,10440,True,,0.28773552147364706,0.28773552147364706,0.2903694205011142,0.38738250732421875,-0.08431542993809833,0.10292429244229011,0.1459217205040542,0.8925600051879883
33,37,4,False,10440,10440,True,,0.3007277771583158,0.3007277771583158,0.30337173610556983,0.4028053283691406,-0.0834873736133064,0.10101556806881004,0.1426657375979554,0.8661553859710693
35,37,2,False,8352,8352,True,,0.346559999574875,0.5814998505653701,1.173795863434672,15.27630615234375,-0.026417608148065107,0.053673402797597275,0.11676505274393245,1.0772323608398438
30,38,8,False,10440,10440,True,,0.28992689831960244,0.28992689831960244,0.29260465394356033,0.37928104400634766,-0.0983571356359874,0.10523001047691014,0.13460958416296073,0.7838695049285889
34,38,4,False,10440,10440,True,,0.48091496443459203,0.7590748925965712,1.3485992990255968,15.188791275024414,0.23386820647984477,0.32370786564484105,0.9823591588618988,12.699750900268555
31,39,8,False,10440,10440,True,,0.2866032966099784,0.2866032966099784,0.289224507326659,0.3802151679992676,-0.09925615642110354,0.101861011624184,0.13158218825878285,0.669980525970459
35,39,4,False,8352,8352,True,,0.37877313788899364,0.6012458663295817,1.193719497240053,15.192197799682617,0.005795530166053529,0.04701213854558928,0.08150492233624143,1.0304985046386719
32,40,8,False,10440,10440,True,,0.2938526899269562,0.2938526899269562,0.2961062337761029,0.38779234886169434,-0.03890155441155074,0.07307981436888986,0.1076297829467318,0.725104570388794
33,41,8,False,10440,10440,True,,0.32734554142026306,0.32734554142026306,0.3297398181947749,0.45556116104125977,-0.05686960935135911,0.08324896639943274,0.12873004252956252,0.8410909175872803
34,42,8,False,10440,10440,True,,0.4720469235650729,0.7527065815101943,1.3455948954853707,15.015320777893066,0.2250001656103256,0.3200061166918293,0.9697074937884047,12.671974182128906
35,43,8,False,8352,8352,True,,0.35963378676319185,0.5913572000151698,1.179469787107128,15.144582748413086,-0.013343820959748284,0.05655689549895234,0.11022348088942645,1.123983383178711
8,47,39,True,10440,10440,True,,-0.30249062917013275,0.92348319418814,1.6018304811520163,9.141770839691162,-0.3697391803846201,0.46994192461705603,0.7466445653048117,4.4711456298828125
9,47,38,True,10440,10440,True,,-12.894977351335159,14.242135862944265,53.753206959170434,809.4047241210938,-1.637079400208744,7.579573252480798,37.1015799422833,523.390380859375
10,47,37,True,10440,10440,True,,-22.593187396758978,23.645403855894116,60.33082288003893,825.374267578125,-5.544724733960109,9.282125283354336,31.134579940501816,445.0146484375
11,47,36,True,10440,10440,True,,-9.702359760650952,10.866470550309264,47.470210194495536,839.273193359375,-3.988799116311483,4.549751665159741,16.77335479660551,206.24346923828125
12,47,35,True,10440,10440,True,,-0.4821610462848254,1.1328700915759247,2.0596007505120686,19.49829387664795,-0.38693996068389935,0.6496959602962205,1.1902173522150228,9.995378494262695
13,47,34,True,10440,10440,True,,-0.7514852299886645,1.403857858454283,2.4202808439797825,20.209075927734375,-0.575824896772398,0.6908472979738642,1.0634224418877853,7.14183235168457
14,47,33,True,10440,10440,True,,-0.2939227358705696,0.9368888749892075,1.5977635290941032,9.007374286651611,-0.19628859145202857,0.3296708856772341,0.5394164126409158,3.8632287979125977
15,47,32,True,10440,10440,True,,-0.2838409379714598,0.9326012026266425,1.5823164978335138,9.11350679397583,-0.32282396604617436,0.36105672334003264,0.5364283274378367,2.7069931030273438
16,47,31,True,10440,10440,True,,-0.24953923488980204,0.940273394798182,1.5863390365947478,8.830485343933105,-0.3294878636683084,0.4247183418650737,0.6818301706607965,3.3134937286376953
17,47,30,True,10440,10440,True,,-10.027786911521607,11.001065043796753,19.783442209361837,108.90488052368164,-2.5940060169418198,4.047827473476929,7.37600777258781,53.11195373535156
18,47,29,True,10440,10440,True,,-12.994977404272344,13.732182351087777,21.661555962895466,102.80167770385742,-7.363230131376216,7.764483589906422,11.53258586991813,39.480072021484375
19,47,28,True,10440,10440,True,,-0.2442215875095639,0.9821332862836191,1.6223840808062604,8.837646007537842,-0.23551484311372994,0.3778042504613884,0.617443972098138,3.639770030975342
20,47,27,True,10440,10440,True,,-19.25493595235497,20.09970836739126,116.54281260957137,1925.6840209960938,-5.011194615814202,7.239658106602538,41.898423060647495,665.3016357421875
21,47,26,True,10440,10440,True,,-76.29108409372326,77.08476415829945,221.73030211733698,1930.3283081054688,-10.88369379998167,14.243149434762744,45.60411012430469,600.4334716796875
22,47,25,True,10440,10440,True,,-34.89027733259464,35.78401424365825,156.08099488798317,1934.9495849609375,-8.958624102102918,9.479552861364942,42.27819579757191,562.5927734375
23,47,24,True,10440,10440,True,,-0.2129004026909441,0.9215130435876158,1.5368955753311102,8.91417932510376,-0.3669057834860161,0.44782570137488886,0.6678539592682867,3.3211097717285156
24,47,23,True,10440,10440,True,,-0.19560113500894105,0.9189516465592353,1.5351894079341863,8.739829063415527,-0.3216844590307043,0.4135085280066401,0.628526192640359,3.897852897644043
25,47,22,True,10440,10440,True,,-0.0012897893500967502,0.6827949129568358,1.2252521747367082,9.155276775360107,-0.23397858005449995,0.258312199524536,0.41171017455486414,2.040652275085449
26,47,21,True,10440,10440,True,,0.32198698607821724,0.32198698607821724,0.3262216516789386,0.44922351837158203,-0.025289795217538397,0.052865651474449674,0.07529050779484477,0.6018433570861816
27,47,20,True,10440,10440,True,,0.4614484788395588,0.8737374588485574,1.4864265929076355,14.650381088256836,0.1378277951273425,0.30932781154320765,0.612623922357943,5.477228164672852
28,47,19,True,10440,10440,True,,0.33648414815446576,0.347175003441662,0.41722424660798163,3.601179599761963,-0.08784391287414507,0.1234894942468458,0.17806980207257903,1.3315014839172363
29,47,18,True,10440,10440,True,,0.30030475117998867,0.30030475117998867,0.3027039742090791,0.37822556495666504,-0.07174620023175675,0.097492715583146,0.14071243236508504,0.878187894821167
30,47,17,True,10440,10440,True,,0.29185678116206465,0.29185678116206465,0.2940170107124943,0.36660051345825195,-0.09642725279352522,0.10384296219163167,0.1344768671564768,0.7819294929504395
31,47,16,True,10440,10440,True,,0.2956605271513587,0.2956605271513587,0.2979489927605034,0.37560129165649414,-0.09019892587972327,0.095062874156701,0.1257096138031903,0.6529176235198975
32,47,15,True,10440,10440,True,,0.3068615769517833,0.3068615769517833,0.30926405271004603,0.4042627811431885,-0.02589266738672366,0.06871017097361092,0.10413779440764097,0.7293891906738281
33,47,14,True,10440,10440,True,,0.31459607787972665,0.31459607787972665,0.3171126470086223,0.4279942512512207,-0.06961907289189549,0.09267343534668135,0.13595835440796888,0.8523228168487549
34,47,13,True,10440,10440,True,,0.45194012846983256,0.7370203546408949,1.326949046273913,15.103224754333496,0.20489337051508527,0.31314173632350156,0.9672113827852152,12.647140502929688
35,47,12,True,8352,8352,True,,0.34957426212642384,0.5823571461694146,1.1761562454574883,15.206499099731445,-0.02340334559651627,0.05959498989818044,0.12067502955362738,1.210968017578125
