sequence,group,setting,repetition,phase,arm,orderIndex,transferStrength,transferStrengthBits,colorStrength,colorStrengthBits,nativeResolveCompletedWallSeconds,outputSHA256,repeatMatchesFirstUse,mlxActiveBytes,mlxCacheBytes,mlxPeakActiveBytes
0,0,0,0,settings-first-use,baseline,0,0.05000000074505806,1028443341,0.10000000149011612,1036831949,0.054268375,8ad37af5404065c219985ea767097568680c54da0d13422751839b9780963549,True,99549184,0,99549184
1,0,0,0,settings-first-use,candidate,1,0.05000000074505806,1028443341,0.10000000149011612,1036831949,0.00951675,8ad37af5404065c219985ea767097568680c54da0d13422751839b9780963549,True,99549192,0,99549192
2,0,1,0,settings-first-use,candidate,0,0.10000000149011612,1036831949,0.25,1048576000,0.016796625,e34ab3af9606bb0aae1f9776ee41c54613c4ba110b3a255a5f1c68ce2c6ab6f9,True,99549192,0,99549192
3,0,1,0,settings-first-use,baseline,1,0.10000000149011612,1036831949,0.25,1048576000,0.064566208,e34ab3af9606bb0aae1f9776ee41c54613c4ba110b3a255a5f1c68ce2c6ab6f9,True,99549184,8,99549192
4,0,2,0,settings-first-use,baseline,0,0.15000000596046448,1041865114,0.5,1056964608,0.055383375,2a40787bcceb4bf3e40393aa999b43b34be60398d90144f5beb6a2a23ce7d9c5,True,99549184,8,99549192
5,0,2,0,settings-first-use,candidate,1,0.15000000596046448,1041865114,0.5,1056964608,0.012641292,2a40787bcceb4bf3e40393aa999b43b34be60398d90144f5beb6a2a23ce7d9c5,True,99549192,0,99549192
6,0,3,0,settings-first-use,candidate,0,0.20000000298023224,1045220557,0.75,1061158912,0.009056875,85f3a25df4880202493d23f6dccc59fc5c1b7ad970945bb9c4724c29409a20cf,True,99549192,0,99549192
7,0,3,0,settings-first-use,baseline,1,0.20000000298023224,1045220557,0.75,1061158912,0.056876,85f3a25df4880202493d23f6dccc59fc5c1b7ad970945bb9c4724c29409a20cf,True,99549184,8,99549192
8,0,4,0,settings-first-use,baseline,0,0.25,1048576000,1,1065353216,0.051,1ac1eb56bc32a80f501df60d54ee24e3492681677b7cc01729e64b920b7a96d0,True,99549184,8,99549192
9,0,4,0,settings-first-use,candidate,1,0.25,1048576000,1,1065353216,0.009215458,1ac1eb56bc32a80f501df60d54ee24e3492681677b7cc01729e64b920b7a96d0,True,99549192,0,99549192
10,0,5,0,settings-first-use,candidate,0,0.30000001192092896,1050253722,0.15000000596046448,1041865114,0.004966417,20ad75b4eedeee5d1ae79e0029c47c7109aa31c6b9384ee58b327476612d2251,True,99549192,0,99549192
11,0,5,0,settings-first-use,baseline,1,0.30000001192092896,1050253722,0.15000000596046448,1041865114,0.069102834,20ad75b4eedeee5d1ae79e0029c47c7109aa31c6b9384ee58b327476612d2251,True,99549184,8,99549192
12,0,6,0,settings-first-use,baseline,0,0.3499999940395355,1051931443,0.3499999940395355,1051931443,0.058221667,817d48d80f47fa2ceb53827ce97cc98e77eb85821faae33f07da0eae532d1bd1,True,99549184,8,99549192
13,0,6,0,settings-first-use,candidate,1,0.3499999940395355,1051931443,0.3499999940395355,1051931443,0.004226958,817d48d80f47fa2ceb53827ce97cc98e77eb85821faae33f07da0eae532d1bd1,True,99549192,0,99549192
14,0,7,0,settings-first-use,candidate,0,0.4000000059604645,1053609165,0.6499999761581421,1059481190,0.014589584,4378c475299cad434d15b8f42b51728afd29dad310a32473140b771433a528d6,True,99549192,0,99549192
15,0,7,0,settings-first-use,baseline,1,0.4000000059604645,1053609165,0.6499999761581421,1059481190,0.056462541,4378c475299cad434d15b8f42b51728afd29dad310a32473140b771433a528d6,True,99549184,8,99549192
16,0,0,1,warmed-repeat,candidate,0,0.05000000074505806,1028443341,0.10000000149011612,1036831949,0.013638166,8ad37af5404065c219985ea767097568680c54da0d13422751839b9780963549,True,99549192,0,99549192
17,0,0,1,warmed-repeat,baseline,1,0.05000000074505806,1028443341,0.10000000149011612,1036831949,0.005473417,8ad37af5404065c219985ea767097568680c54da0d13422751839b9780963549,True,99549184,8,99549192
18,0,1,1,warmed-repeat,baseline,0,0.10000000149011612,1036831949,0.25,1048576000,0.010560875,e34ab3af9606bb0aae1f9776ee41c54613c4ba110b3a255a5f1c68ce2c6ab6f9,True,99549184,8,99549192
19,0,1,1,warmed-repeat,candidate,1,0.10000000149011612,1036831949,0.25,1048576000,0.012079417,e34ab3af9606bb0aae1f9776ee41c54613c4ba110b3a255a5f1c68ce2c6ab6f9,True,99549192,0,99549192
20,0,2,1,warmed-repeat,candidate,0,0.15000000596046448,1041865114,0.5,1056964608,0.009618833,2a40787bcceb4bf3e40393aa999b43b34be60398d90144f5beb6a2a23ce7d9c5,True,99549192,0,99549192
21,0,2,1,warmed-repeat,baseline,1,0.15000000596046448,1041865114,0.5,1056964608,0.0107385,2a40787bcceb4bf3e40393aa999b43b34be60398d90144f5beb6a2a23ce7d9c5,True,99549184,8,99549192
22,0,3,1,warmed-repeat,baseline,0,0.20000000298023224,1045220557,0.75,1061158912,0.010256,85f3a25df4880202493d23f6dccc59fc5c1b7ad970945bb9c4724c29409a20cf,True,99549184,8,99549192
23,0,3,1,warmed-repeat,candidate,1,0.20000000298023224,1045220557,0.75,1061158912,0.010593375,85f3a25df4880202493d23f6dccc59fc5c1b7ad970945bb9c4724c29409a20cf,True,99549192,0,99549192
24,0,4,1,warmed-repeat,candidate,0,0.25,1048576000,1,1065353216,0.006026958,1ac1eb56bc32a80f501df60d54ee24e3492681677b7cc01729e64b920b7a96d0,True,99549192,0,99549192
25,0,4,1,warmed-repeat,baseline,1,0.25,1048576000,1,1065353216,0.006710375,1ac1eb56bc32a80f501df60d54ee24e3492681677b7cc01729e64b920b7a96d0,True,99549184,8,99549192
26,0,5,1,warmed-repeat,baseline,0,0.30000001192092896,1050253722,0.15000000596046448,1041865114,0.00957175,20ad75b4eedeee5d1ae79e0029c47c7109aa31c6b9384ee58b327476612d2251,True,99549184,8,99549192
27,0,5,1,warmed-repeat,candidate,1,0.30000001192092896,1050253722,0.15000000596046448,1041865114,0.008696583,20ad75b4eedeee5d1ae79e0029c47c7109aa31c6b9384ee58b327476612d2251,True,99549192,0,99549192
28,0,6,1,warmed-repeat,candidate,0,0.3499999940395355,1051931443,0.3499999940395355,1051931443,0.004696208,817d48d80f47fa2ceb53827ce97cc98e77eb85821faae33f07da0eae532d1bd1,True,99549192,0,99549192
29,0,6,1,warmed-repeat,baseline,1,0.3499999940395355,1051931443,0.3499999940395355,1051931443,0.005063708,817d48d80f47fa2ceb53827ce97cc98e77eb85821faae33f07da0eae532d1bd1,True,99549184,8,99549192
30,0,7,1,warmed-repeat,baseline,0,0.4000000059604645,1053609165,0.6499999761581421,1059481190,0.011290833,4378c475299cad434d15b8f42b51728afd29dad310a32473140b771433a528d6,True,99549184,8,99549192
31,0,7,1,warmed-repeat,candidate,1,0.4000000059604645,1053609165,0.6499999761581421,1059481190,0.010198041,4378c475299cad434d15b8f42b51728afd29dad310a32473140b771433a528d6,True,99549192,0,99549192
32,0,0,2,warmed-repeat,baseline,0,0.05000000074505806,1028443341,0.10000000149011612,1036831949,0.009576291,8ad37af5404065c219985ea767097568680c54da0d13422751839b9780963549,True,99549184,8,99549192
33,0,0,2,warmed-repeat,candidate,1,0.05000000074505806,1028443341,0.10000000149011612,1036831949,0.009304375,8ad37af5404065c219985ea767097568680c54da0d13422751839b9780963549,True,99549192,0,99549192
34,0,1,2,warmed-repeat,candidate,0,0.10000000149011612,1036831949,0.25,1048576000,0.003202667,e34ab3af9606bb0aae1f9776ee41c54613c4ba110b3a255a5f1c68ce2c6ab6f9,True,99549192,0,99549192
35,0,1,2,warmed-repeat,baseline,1,0.10000000149011612,1036831949,0.25,1048576000,0.003171709,e34ab3af9606bb0aae1f9776ee41c54613c4ba110b3a255a5f1c68ce2c6ab6f9,True,99549184,8,99549192
36,0,2,2,warmed-repeat,baseline,0,0.15000000596046448,1041865114,0.5,1056964608,0.015088041,2a40787bcceb4bf3e40393aa999b43b34be60398d90144f5beb6a2a23ce7d9c5,True,99549184,8,99549192
37,0,2,2,warmed-repeat,candidate,1,0.15000000596046448,1041865114,0.5,1056964608,0.006824542,2a40787bcceb4bf3e40393aa999b43b34be60398d90144f5beb6a2a23ce7d9c5,True,99549192,0,99549192
38,0,3,2,warmed-repeat,candidate,0,0.20000000298023224,1045220557,0.75,1061158912,0.004533416,85f3a25df4880202493d23f6dccc59fc5c1b7ad970945bb9c4724c29409a20cf,True,99549192,0,99549192
39,0,3,2,warmed-repeat,baseline,1,0.20000000298023224,1045220557,0.75,1061158912,0.00395275,85f3a25df4880202493d23f6dccc59fc5c1b7ad970945bb9c4724c29409a20cf,True,99549184,8,99549192
40,0,4,2,warmed-repeat,baseline,0,0.25,1048576000,1,1065353216,0.011302917,1ac1eb56bc32a80f501df60d54ee24e3492681677b7cc01729e64b920b7a96d0,True,99549184,8,99549192
41,0,4,2,warmed-repeat,candidate,1,0.25,1048576000,1,1065353216,0.004740417,1ac1eb56bc32a80f501df60d54ee24e3492681677b7cc01729e64b920b7a96d0,True,99549192,0,99549192
42,0,5,2,warmed-repeat,candidate,0,0.30000001192092896,1050253722,0.15000000596046448,1041865114,0.005098334,20ad75b4eedeee5d1ae79e0029c47c7109aa31c6b9384ee58b327476612d2251,True,99549192,0,99549192
43,0,5,2,warmed-repeat,baseline,1,0.30000001192092896,1050253722,0.15000000596046448,1041865114,0.007701916,20ad75b4eedeee5d1ae79e0029c47c7109aa31c6b9384ee58b327476612d2251,True,99549184,8,99549192
44,0,6,2,warmed-repeat,baseline,0,0.3499999940395355,1051931443,0.3499999940395355,1051931443,0.011384125,817d48d80f47fa2ceb53827ce97cc98e77eb85821faae33f07da0eae532d1bd1,True,99549184,8,99549192
45,0,6,2,warmed-repeat,candidate,1,0.3499999940395355,1051931443,0.3499999940395355,1051931443,0.004842875,817d48d80f47fa2ceb53827ce97cc98e77eb85821faae33f07da0eae532d1bd1,True,99549192,0,99549192
46,0,7,2,warmed-repeat,candidate,0,0.4000000059604645,1053609165,0.6499999761581421,1059481190,0.011481625,4378c475299cad434d15b8f42b51728afd29dad310a32473140b771433a528d6,True,99549192,0,99549192
47,0,7,2,warmed-repeat,baseline,1,0.4000000059604645,1053609165,0.6499999761581421,1059481190,0.013080833,4378c475299cad434d15b8f42b51728afd29dad310a32473140b771433a528d6,True,99549184,8,99549192
48,1,8,0,settings-first-use,baseline,0,0.44999998807907104,1055286886,0.8500000238418579,1062836634,0.0516935,db4296d66eb0a177ccbbd32e06f70c2c748f0bfb01199ab54212806930d39e0f,True,99549184,8,99549192
49,1,8,0,settings-first-use,candidate,1,0.44999998807907104,1055286886,0.8500000238418579,1062836634,0.009187334,db4296d66eb0a177ccbbd32e06f70c2c748f0bfb01199ab54212806930d39e0f,True,99549192,0,99549192
50,1,9,0,settings-first-use,candidate,0,0.5,1056964608,0.05000000074505806,1028443341,0.015006042,e52d82427ae8e84624fbf2bc0864e6433f20032ec743572225ac207d169eb96e,True,99549192,0,99549192
51,1,9,0,settings-first-use,baseline,1,0.5,1056964608,0.05000000074505806,1028443341,0.054729833,e52d82427ae8e84624fbf2bc0864e6433f20032ec743572225ac207d169eb96e,True,99549184,8,99549192
52,1,10,0,settings-first-use,baseline,0,0.550000011920929,1057803469,0.20000000298023224,1045220557,0.055612459,17901cf0e9eec7bbf288f11bad9e3f7436ae6679391b242d2b4fd5c0136e959f,True,99549184,8,99549192
53,1,10,0,settings-first-use,candidate,1,0.550000011920929,1057803469,0.20000000298023224,1045220557,0.007004958,17901cf0e9eec7bbf288f11bad9e3f7436ae6679391b242d2b4fd5c0136e959f,True,99549192,0,99549192
54,1,11,0,settings-first-use,candidate,0,0.6000000238418579,1058642330,0.4000000059604645,1053609165,0.01688,f3500d0f6e3fdded4a4537b1f2b6becb54dbce937aea8f4dd3752462a345e67e,True,99549192,0,99549192
55,1,11,0,settings-first-use,baseline,1,0.6000000238418579,1058642330,0.4000000059604645,1053609165,0.054728416,f3500d0f6e3fdded4a4537b1f2b6becb54dbce937aea8f4dd3752462a345e67e,True,99549184,8,99549192
56,1,12,0,settings-first-use,baseline,0,0.6499999761581421,1059481190,0.6000000238418579,1058642330,0.049581584,416846da0d450fa7109f14da5dcb8131e184459a69c19ee86b1aa331c08f8ffd,True,99549184,8,99549192
57,1,12,0,settings-first-use,candidate,1,0.6499999761581421,1059481190,0.6000000238418579,1058642330,0.004228875,416846da0d450fa7109f14da5dcb8131e184459a69c19ee86b1aa331c08f8ffd,True,99549192,0,99549192
58,1,13,0,settings-first-use,candidate,0,0.699999988079071,1060320051,0.800000011920929,1061997773,0.0075615,7e40e6c257f87404b04721be8ae56f81c8b4feac77a02f52a56a45e22ffb34c4,True,99549192,0,99549192
59,1,13,0,settings-first-use,baseline,1,0.699999988079071,1060320051,0.800000011920929,1061997773,0.056460708,7e40e6c257f87404b04721be8ae56f81c8b4feac77a02f52a56a45e22ffb34c4,True,99549184,8,99549192
60,1,14,0,settings-first-use,baseline,0,0.75,1061158912,1,1065353216,0.052218708,b663fc43a580d30b693aaf62ae23a0493808e17b9e0dab19325ccbdc62504dc3,True,99549184,8,99549192
61,1,14,0,settings-first-use,candidate,1,0.75,1061158912,1,1065353216,0.007159083,b663fc43a580d30b693aaf62ae23a0493808e17b9e0dab19325ccbdc62504dc3,True,99549192,0,99549192
62,1,15,0,settings-first-use,candidate,0,0.800000011920929,1061997773,0.30000001192092896,1050253722,0.01176925,5ef91b40f411faae465314f88172589e00715aa7a6a00415540f7fe67574e1fc,True,99549192,0,99549192
63,1,15,0,settings-first-use,baseline,1,0.800000011920929,1061997773,0.30000001192092896,1050253722,0.053852166,5ef91b40f411faae465314f88172589e00715aa7a6a00415540f7fe67574e1fc,True,99549184,8,99549192
64,1,8,1,warmed-repeat,candidate,0,0.44999998807907104,1055286886,0.8500000238418579,1062836634,0.005135166,db4296d66eb0a177ccbbd32e06f70c2c748f0bfb01199ab54212806930d39e0f,True,99549192,0,99549192
65,1,8,1,warmed-repeat,baseline,1,0.44999998807907104,1055286886,0.8500000238418579,1062836634,0.009215542,db4296d66eb0a177ccbbd32e06f70c2c748f0bfb01199ab54212806930d39e0f,True,99549184,8,99549192
66,1,9,1,warmed-repeat,baseline,0,0.5,1056964608,0.05000000074505806,1028443341,0.010162709,e52d82427ae8e84624fbf2bc0864e6433f20032ec743572225ac207d169eb96e,True,99549184,8,99549192
67,1,9,1,warmed-repeat,candidate,1,0.5,1056964608,0.05000000074505806,1028443341,0.006614292,e52d82427ae8e84624fbf2bc0864e6433f20032ec743572225ac207d169eb96e,True,99549192,0,99549192
68,1,10,1,warmed-repeat,candidate,0,0.550000011920929,1057803469,0.20000000298023224,1045220557,0.016629292,17901cf0e9eec7bbf288f11bad9e3f7436ae6679391b242d2b4fd5c0136e959f,True,99549192,0,99549192
69,1,10,1,warmed-repeat,baseline,1,0.550000011920929,1057803469,0.20000000298023224,1045220557,0.006303708,17901cf0e9eec7bbf288f11bad9e3f7436ae6679391b242d2b4fd5c0136e959f,True,99549184,8,99549192
70,1,11,1,warmed-repeat,baseline,0,0.6000000238418579,1058642330,0.4000000059604645,1053609165,0.016498083,f3500d0f6e3fdded4a4537b1f2b6becb54dbce937aea8f4dd3752462a345e67e,True,99549184,8,99549192
71,1,11,1,warmed-repeat,candidate,1,0.6000000238418579,1058642330,0.4000000059604645,1053609165,0.007358208,f3500d0f6e3fdded4a4537b1f2b6becb54dbce937aea8f4dd3752462a345e67e,True,99549192,0,99549192
72,1,12,1,warmed-repeat,candidate,0,0.6499999761581421,1059481190,0.6000000238418579,1058642330,0.01182975,416846da0d450fa7109f14da5dcb8131e184459a69c19ee86b1aa331c08f8ffd,True,99549192,0,99549192
73,1,12,1,warmed-repeat,baseline,1,0.6499999761581421,1059481190,0.6000000238418579,1058642330,0.009105125,416846da0d450fa7109f14da5dcb8131e184459a69c19ee86b1aa331c08f8ffd,True,99549184,8,99549192
74,1,13,1,warmed-repeat,baseline,0,0.699999988079071,1060320051,0.800000011920929,1061997773,0.008245,7e40e6c257f87404b04721be8ae56f81c8b4feac77a02f52a56a45e22ffb34c4,True,99549184,8,99549192
75,1,13,1,warmed-repeat,candidate,1,0.699999988079071,1060320051,0.800000011920929,1061997773,0.009950709,7e40e6c257f87404b04721be8ae56f81c8b4feac77a02f52a56a45e22ffb34c4,True,99549192,0,99549192
76,1,14,1,warmed-repeat,candidate,0,0.75,1061158912,1,1065353216,0.006209667,b663fc43a580d30b693aaf62ae23a0493808e17b9e0dab19325ccbdc62504dc3,True,99549192,0,99549192
77,1,14,1,warmed-repeat,baseline,1,0.75,1061158912,1,1065353216,0.006447792,b663fc43a580d30b693aaf62ae23a0493808e17b9e0dab19325ccbdc62504dc3,True,99549184,8,99549192
78,1,15,1,warmed-repeat,baseline,0,0.800000011920929,1061997773,0.30000001192092896,1050253722,0.005771125,5ef91b40f411faae465314f88172589e00715aa7a6a00415540f7fe67574e1fc,True,99549184,8,99549192
79,1,15,1,warmed-repeat,candidate,1,0.800000011920929,1061997773,0.30000001192092896,1050253722,0.005342208,5ef91b40f411faae465314f88172589e00715aa7a6a00415540f7fe67574e1fc,True,99549192,0,99549192
80,1,8,2,warmed-repeat,baseline,0,0.44999998807907104,1055286886,0.8500000238418579,1062836634,0.00692425,db4296d66eb0a177ccbbd32e06f70c2c748f0bfb01199ab54212806930d39e0f,True,99549184,8,99549192
81,1,8,2,warmed-repeat,candidate,1,0.44999998807907104,1055286886,0.8500000238418579,1062836634,0.010537958,db4296d66eb0a177ccbbd32e06f70c2c748f0bfb01199ab54212806930d39e0f,True,99549192,0,99549192
82,1,9,2,warmed-repeat,candidate,0,0.5,1056964608,0.05000000074505806,1028443341,0.006123709,e52d82427ae8e84624fbf2bc0864e6433f20032ec743572225ac207d169eb96e,True,99549192,0,99549192
83,1,9,2,warmed-repeat,baseline,1,0.5,1056964608,0.05000000074505806,1028443341,0.005895875,e52d82427ae8e84624fbf2bc0864e6433f20032ec743572225ac207d169eb96e,True,99549184,8,99549192
84,1,10,2,warmed-repeat,baseline,0,0.550000011920929,1057803469,0.20000000298023224,1045220557,0.005895625,17901cf0e9eec7bbf288f11bad9e3f7436ae6679391b242d2b4fd5c0136e959f,True,99549184,8,99549192
85,1,10,2,warmed-repeat,candidate,1,0.550000011920929,1057803469,0.20000000298023224,1045220557,0.011861416,17901cf0e9eec7bbf288f11bad9e3f7436ae6679391b242d2b4fd5c0136e959f,True,99549192,0,99549192
86,1,11,2,warmed-repeat,candidate,0,0.6000000238418579,1058642330,0.4000000059604645,1053609165,0.006782375,f3500d0f6e3fdded4a4537b1f2b6becb54dbce937aea8f4dd3752462a345e67e,True,99549192,0,99549192
87,1,11,2,warmed-repeat,baseline,1,0.6000000238418579,1058642330,0.4000000059604645,1053609165,0.005982125,f3500d0f6e3fdded4a4537b1f2b6becb54dbce937aea8f4dd3752462a345e67e,True,99549184,8,99549192
88,1,12,2,warmed-repeat,baseline,0,0.6499999761581421,1059481190,0.6000000238418579,1058642330,0.004233333,416846da0d450fa7109f14da5dcb8131e184459a69c19ee86b1aa331c08f8ffd,True,99549184,8,99549192
89,1,12,2,warmed-repeat,candidate,1,0.6499999761581421,1059481190,0.6000000238418579,1058642330,0.005318708,416846da0d450fa7109f14da5dcb8131e184459a69c19ee86b1aa331c08f8ffd,True,99549192,0,99549192
90,1,13,2,warmed-repeat,candidate,0,0.699999988079071,1060320051,0.800000011920929,1061997773,0.007553875,7e40e6c257f87404b04721be8ae56f81c8b4feac77a02f52a56a45e22ffb34c4,True,99549192,0,99549192
91,1,13,2,warmed-repeat,baseline,1,0.699999988079071,1060320051,0.800000011920929,1061997773,0.0074125,7e40e6c257f87404b04721be8ae56f81c8b4feac77a02f52a56a45e22ffb34c4,True,99549184,8,99549192
92,1,14,2,warmed-repeat,baseline,0,0.75,1061158912,1,1065353216,0.008251583,b663fc43a580d30b693aaf62ae23a0493808e17b9e0dab19325ccbdc62504dc3,True,99549184,8,99549192
93,1,14,2,warmed-repeat,candidate,1,0.75,1061158912,1,1065353216,0.008813125,b663fc43a580d30b693aaf62ae23a0493808e17b9e0dab19325ccbdc62504dc3,True,99549192,0,99549192
94,1,15,2,warmed-repeat,candidate,0,0.800000011920929,1061997773,0.30000001192092896,1050253722,0.011216334,5ef91b40f411faae465314f88172589e00715aa7a6a00415540f7fe67574e1fc,True,99549192,0,99549192
95,1,15,2,warmed-repeat,baseline,1,0.800000011920929,1061997773,0.30000001192092896,1050253722,0.008473,5ef91b40f411faae465314f88172589e00715aa7a6a00415540f7fe67574e1fc,True,99549184,8,99549192
96,2,16,0,settings-first-use,baseline,0,0.8500000238418579,1062836634,0.44999998807907104,1055286886,0.053864833,8df551f157f38f135d87e089f143dee0f612bebb6cc13b3f6cd0cdf4e5655f48,True,99549184,8,99549192
97,2,16,0,settings-first-use,candidate,1,0.8500000238418579,1062836634,0.44999998807907104,1055286886,0.007400375,8df551f157f38f135d87e089f143dee0f612bebb6cc13b3f6cd0cdf4e5655f48,True,99549192,0,99549192
98,2,17,0,settings-first-use,candidate,0,0.8999999761581421,1063675494,0.550000011920929,1057803469,0.012043958,4d8ffddf0a3976c931c0d787a19cbf3312c2225f3adc7fa80ab541217979c1f5,True,99549192,0,99549192
99,2,17,0,settings-first-use,baseline,1,0.8999999761581421,1063675494,0.550000011920929,1057803469,0.059862208,4d8ffddf0a3976c931c0d787a19cbf3312c2225f3adc7fa80ab541217979c1f5,True,99549184,8,99549192
100,2,18,0,settings-first-use,baseline,0,0.949999988079071,1064514355,0.699999988079071,1060320051,0.0552535,ae11ea79bc0704cc678b7281c248a729a6d5e75d51cef60904edceac5dd58a92,True,99549184,8,99549192
101,2,18,0,settings-first-use,candidate,1,0.949999988079071,1064514355,0.699999988079071,1060320051,0.010541625,ae11ea79bc0704cc678b7281c248a729a6d5e75d51cef60904edceac5dd58a92,True,99549192,0,99549192
102,2,19,0,settings-first-use,candidate,0,1,1065353216,0.8999999761581421,1063675494,0.01170525,94d19fb3c511fe1f6dab6152a3567999c1b034846673bf057b41dad31046ce7d,True,99549192,0,99549192
103,2,19,0,settings-first-use,baseline,1,1,1065353216,0.8999999761581421,1063675494,0.058352958,94d19fb3c511fe1f6dab6152a3567999c1b034846673bf057b41dad31046ce7d,True,99549184,8,99549192
104,2,20,0,settings-first-use,baseline,0,0.07999999821186066,1034147594,0.11999999731779099,1039516303,0.057539208,aeb10c965eae9e210cfad02be60bc6bd8d344c5a7011797b81eb0c1a995ff8be,True,99549184,8,99549192
105,2,20,0,settings-first-use,candidate,1,0.07999999821186066,1034147594,0.11999999731779099,1039516303,0.007039583,aeb10c965eae9e210cfad02be60bc6bd8d344c5a7011797b81eb0c1a995ff8be,True,99549192,0,99549192
106,2,21,0,settings-first-use,candidate,0,0.18000000715255737,1043878380,0.3199999928474426,1050924810,0.008036833,f4fda25d3f4210ad242e55b2f073e735a6e7f33516e102885599fdd3065d8ae2,True,99549192,0,99549192
107,2,21,0,settings-first-use,baseline,1,0.18000000715255737,1043878380,0.3199999928474426,1050924810,0.05998075,f4fda25d3f4210ad242e55b2f073e735a6e7f33516e102885599fdd3065d8ae2,True,99549184,8,99549192
108,2,22,0,settings-first-use,baseline,0,0.2800000011920929,1049582633,0.5199999809265137,1057300152,0.062709166,a0871d7d5ff114a8dc62fda0182b780910f132c7304306ca8c8753b213368cf0,True,99549184,8,99549192
109,2,22,0,settings-first-use,candidate,1,0.2800000011920929,1049582633,0.5199999809265137,1057300152,0.010105292,a0871d7d5ff114a8dc62fda0182b780910f132c7304306ca8c8753b213368cf0,True,99549192,0,99549192
110,2,23,0,settings-first-use,candidate,0,0.3799999952316284,1052938076,0.7200000286102295,1060655596,0.009096667,a4b90a7dc513577ecd3424371345e42d4307729f699280201a77a661958e4c76,True,99549192,0,99549192
111,2,23,0,settings-first-use,baseline,1,0.3799999952316284,1052938076,0.7200000286102295,1060655596,0.050855083,a4b90a7dc513577ecd3424371345e42d4307729f699280201a77a661958e4c76,True,99549184,8,99549192
112,2,16,1,warmed-repeat,candidate,0,0.8500000238418579,1062836634,0.44999998807907104,1055286886,0.00653875,8df551f157f38f135d87e089f143dee0f612bebb6cc13b3f6cd0cdf4e5655f48,True,99549192,0,99549192
113,2,16,1,warmed-repeat,baseline,1,0.8500000238418579,1062836634,0.44999998807907104,1055286886,0.007648875,8df551f157f38f135d87e089f143dee0f612bebb6cc13b3f6cd0cdf4e5655f48,True,99549184,8,99549192
114,2,17,1,warmed-repeat,baseline,0,0.8999999761581421,1063675494,0.550000011920929,1057803469,0.006190708,4d8ffddf0a3976c931c0d787a19cbf3312c2225f3adc7fa80ab541217979c1f5,True,99549184,8,99549192
115,2,17,1,warmed-repeat,candidate,1,0.8999999761581421,1063675494,0.550000011920929,1057803469,0.00586725,4d8ffddf0a3976c931c0d787a19cbf3312c2225f3adc7fa80ab541217979c1f5,True,99549192,0,99549192
116,2,18,1,warmed-repeat,candidate,0,0.949999988079071,1064514355,0.699999988079071,1060320051,0.004643041,ae11ea79bc0704cc678b7281c248a729a6d5e75d51cef60904edceac5dd58a92,True,99549192,0,99549192
117,2,18,1,warmed-repeat,baseline,1,0.949999988079071,1064514355,0.699999988079071,1060320051,0.011508875,ae11ea79bc0704cc678b7281c248a729a6d5e75d51cef60904edceac5dd58a92,True,99549184,8,99549192
118,2,19,1,warmed-repeat,baseline,0,1,1065353216,0.8999999761581421,1063675494,0.005606041,94d19fb3c511fe1f6dab6152a3567999c1b034846673bf057b41dad31046ce7d,True,99549184,8,99549192
119,2,19,1,warmed-repeat,candidate,1,1,1065353216,0.8999999761581421,1063675494,0.008091375,94d19fb3c511fe1f6dab6152a3567999c1b034846673bf057b41dad31046ce7d,True,99549192,0,99549192
120,2,20,1,warmed-repeat,candidate,0,0.07999999821186066,1034147594,0.11999999731779099,1039516303,0.00466975,aeb10c965eae9e210cfad02be60bc6bd8d344c5a7011797b81eb0c1a995ff8be,True,99549192,0,99549192
121,2,20,1,warmed-repeat,baseline,1,0.07999999821186066,1034147594,0.11999999731779099,1039516303,0.014392417,aeb10c965eae9e210cfad02be60bc6bd8d344c5a7011797b81eb0c1a995ff8be,True,99549184,8,99549192
122,2,21,1,warmed-repeat,baseline,0,0.18000000715255737,1043878380,0.3199999928474426,1050924810,0.012299375,f4fda25d3f4210ad242e55b2f073e735a6e7f33516e102885599fdd3065d8ae2,True,99549184,8,99549192
123,2,21,1,warmed-repeat,candidate,1,0.18000000715255737,1043878380,0.3199999928474426,1050924810,0.009728584,f4fda25d3f4210ad242e55b2f073e735a6e7f33516e102885599fdd3065d8ae2,True,99549192,0,99549192
124,2,22,1,warmed-repeat,candidate,0,0.2800000011920929,1049582633,0.5199999809265137,1057300152,0.013803125,a0871d7d5ff114a8dc62fda0182b780910f132c7304306ca8c8753b213368cf0,True,99549192,0,99549192
125,2,22,1,warmed-repeat,baseline,1,0.2800000011920929,1049582633,0.5199999809265137,1057300152,0.008321083,a0871d7d5ff114a8dc62fda0182b780910f132c7304306ca8c8753b213368cf0,True,99549184,8,99549192
126,2,23,1,warmed-repeat,baseline,0,0.3799999952316284,1052938076,0.7200000286102295,1060655596,0.010360125,a4b90a7dc513577ecd3424371345e42d4307729f699280201a77a661958e4c76,True,99549184,8,99549192
127,2,23,1,warmed-repeat,candidate,1,0.3799999952316284,1052938076,0.7200000286102295,1060655596,0.009467375,a4b90a7dc513577ecd3424371345e42d4307729f699280201a77a661958e4c76,True,99549192,0,99549192
128,2,16,2,warmed-repeat,baseline,0,0.8500000238418579,1062836634,0.44999998807907104,1055286886,0.004082292,8df551f157f38f135d87e089f143dee0f612bebb6cc13b3f6cd0cdf4e5655f48,True,99549184,8,99549192
129,2,16,2,warmed-repeat,candidate,1,0.8500000238418579,1062836634,0.44999998807907104,1055286886,0.006937166,8df551f157f38f135d87e089f143dee0f612bebb6cc13b3f6cd0cdf4e5655f48,True,99549192,0,99549192
130,2,17,2,warmed-repeat,candidate,0,0.8999999761581421,1063675494,0.550000011920929,1057803469,0.013256166,4d8ffddf0a3976c931c0d787a19cbf3312c2225f3adc7fa80ab541217979c1f5,True,99549192,0,99549192
131,2,17,2,warmed-repeat,baseline,1,0.8999999761581421,1063675494,0.550000011920929,1057803469,0.009073917,4d8ffddf0a3976c931c0d787a19cbf3312c2225f3adc7fa80ab541217979c1f5,True,99549184,8,99549192
132,2,18,2,warmed-repeat,baseline,0,0.949999988079071,1064514355,0.699999988079071,1060320051,0.016489834,ae11ea79bc0704cc678b7281c248a729a6d5e75d51cef60904edceac5dd58a92,True,99549184,8,99549192
133,2,18,2,warmed-repeat,candidate,1,0.949999988079071,1064514355,0.699999988079071,1060320051,0.009907625,ae11ea79bc0704cc678b7281c248a729a6d5e75d51cef60904edceac5dd58a92,True,99549192,0,99549192
134,2,19,2,warmed-repeat,candidate,0,1,1065353216,0.8999999761581421,1063675494,0.009701542,94d19fb3c511fe1f6dab6152a3567999c1b034846673bf057b41dad31046ce7d,True,99549192,0,99549192
135,2,19,2,warmed-repeat,baseline,1,1,1065353216,0.8999999761581421,1063675494,0.005453125,94d19fb3c511fe1f6dab6152a3567999c1b034846673bf057b41dad31046ce7d,True,99549184,8,99549192
136,2,20,2,warmed-repeat,baseline,0,0.07999999821186066,1034147594,0.11999999731779099,1039516303,0.003865167,aeb10c965eae9e210cfad02be60bc6bd8d344c5a7011797b81eb0c1a995ff8be,True,99549184,8,99549192
137,2,20,2,warmed-repeat,candidate,1,0.07999999821186066,1034147594,0.11999999731779099,1039516303,0.004381208,aeb10c965eae9e210cfad02be60bc6bd8d344c5a7011797b81eb0c1a995ff8be,True,99549192,0,99549192
138,2,21,2,warmed-repeat,candidate,0,0.18000000715255737,1043878380,0.3199999928474426,1050924810,0.011466167,f4fda25d3f4210ad242e55b2f073e735a6e7f33516e102885599fdd3065d8ae2,True,99549192,0,99549192
139,2,21,2,warmed-repeat,baseline,1,0.18000000715255737,1043878380,0.3199999928474426,1050924810,0.006218792,f4fda25d3f4210ad242e55b2f073e735a6e7f33516e102885599fdd3065d8ae2,True,99549184,8,99549192
140,2,22,2,warmed-repeat,baseline,0,0.2800000011920929,1049582633,0.5199999809265137,1057300152,0.005346541,a0871d7d5ff114a8dc62fda0182b780910f132c7304306ca8c8753b213368cf0,True,99549184,8,99549192
141,2,22,2,warmed-repeat,candidate,1,0.2800000011920929,1049582633,0.5199999809265137,1057300152,0.005679708,a0871d7d5ff114a8dc62fda0182b780910f132c7304306ca8c8753b213368cf0,True,99549192,0,99549192
142,2,23,2,warmed-repeat,candidate,0,0.3799999952316284,1052938076,0.7200000286102295,1060655596,0.009720667,a4b90a7dc513577ecd3424371345e42d4307729f699280201a77a661958e4c76,True,99549192,0,99549192
143,2,23,2,warmed-repeat,baseline,1,0.3799999952316284,1052938076,0.7200000286102295,1060655596,0.004810833,a4b90a7dc513577ecd3424371345e42d4307729f699280201a77a661958e4c76,True,99549184,8,99549192
144,3,24,0,settings-first-use,baseline,0,0.47999998927116394,1056293519,0.9200000166893005,1064011039,0.064928833,8bc1f968736731eed00cd52a51e8e7630a3957181e9cb8fb497f4e4558830d2d,True,99549184,8,99549192
145,3,24,0,settings-first-use,candidate,1,0.47999998927116394,1056293519,0.9200000166893005,1064011039,0.008216458,8bc1f968736731eed00cd52a51e8e7630a3957181e9cb8fb497f4e4558830d2d,True,99549184,8,99549192
146,3,25,0,settings-first-use,candidate,0,0.5799999833106995,1058306785,0.18000000715255737,1043878380,0.010643083,03b0ce79df361cd407448e77266c47372929c9aa5234bef599ee856d177a14a0,True,99549192,0,99549192
147,3,25,0,settings-first-use,baseline,1,0.5799999833106995,1058306785,0.18000000715255737,1043878380,0.055154542,03b0ce79df361cd407448e77266c47372929c9aa5234bef599ee856d177a14a0,True,99549184,8,99549192
148,3,26,0,settings-first-use,baseline,0,0.6800000071525574,1059984507,0.3799999952316284,1052938076,0.0525045,ea8f1d5e977628c028c6d0513753a8acbd77714040bebeb57a4af6d91d9fd765,True,99549184,8,99549192
149,3,26,0,settings-first-use,candidate,1,0.6800000071525574,1059984507,0.3799999952316284,1052938076,0.01077625,ea8f1d5e977628c028c6d0513753a8acbd77714040bebeb57a4af6d91d9fd765,True,99549192,0,99549192
150,3,27,0,settings-first-use,candidate,0,0.7799999713897705,1061662228,0.5799999833106995,1058306785,0.009229083,abcbef41005e140dbb74928a3ba264f638b2883815ff3968a72dc736e2a2365f,True,99549184,8,99549192
151,3,27,0,settings-first-use,baseline,1,0.7799999713897705,1061662228,0.5799999833106995,1058306785,0.100426458,abcbef41005e140dbb74928a3ba264f638b2883815ff3968a72dc736e2a2365f,True,99549184,8,99549192
152,3,28,0,settings-first-use,baseline,0,0.8799999952316284,1063339950,0.7799999713897705,1061662228,0.07301225,a4675052972005612540256468e77b90e39d205618f4d34e8e4855d4f914c0dc,True,99549184,8,99549192
153,3,28,0,settings-first-use,candidate,1,0.8799999952316284,1063339950,0.7799999713897705,1061662228,0.009959917,a4675052972005612540256468e77b90e39d205618f4d34e8e4855d4f914c0dc,True,99549192,0,99549192
154,3,29,0,settings-first-use,candidate,0,0.9800000190734863,1065017672,0.9800000190734863,1065017672,0.0057825,cc821a660a3c95c29fb7adb09febd7cafb4b81b2bb98cbfca775a59a00862520,True,99549192,0,99549192
155,3,29,0,settings-first-use,baseline,1,0.9800000190734863,1065017672,0.9800000190734863,1065017672,0.053868708,cc821a660a3c95c29fb7adb09febd7cafb4b81b2bb98cbfca775a59a00862520,True,99549184,8,99549192
156,3,30,0,settings-first-use,baseline,0,1,1065353216,0.5,1056964608,0.047392333,6e6626032ecfefcee764dbffaea4e39daf5a34adfbbde83b1754f888604971ac,True,99549184,8,99549192
157,3,30,0,settings-first-use,candidate,1,1,1065353216,0.5,1056964608,0.005506917,6e6626032ecfefcee764dbffaea4e39daf5a34adfbbde83b1754f888604971ac,True,99549192,0,99549192
158,3,31,0,settings-first-use,candidate,0,1,1065353216,1,1065353216,0.014025459,1050b2187bca17baa3c5783330d20979ce3b6fddf24510fc078cd9d4cd543489,True,99549192,0,99549192
159,3,31,0,settings-first-use,baseline,1,1,1065353216,1,1065353216,0.0615275,1050b2187bca17baa3c5783330d20979ce3b6fddf24510fc078cd9d4cd543489,True,99549184,8,99549192
160,3,24,1,warmed-repeat,candidate,0,0.47999998927116394,1056293519,0.9200000166893005,1064011039,0.013214042,8bc1f968736731eed00cd52a51e8e7630a3957181e9cb8fb497f4e4558830d2d,True,99549192,0,99549192
161,3,24,1,warmed-repeat,baseline,1,0.47999998927116394,1056293519,0.9200000166893005,1064011039,0.019718,8bc1f968736731eed00cd52a51e8e7630a3957181e9cb8fb497f4e4558830d2d,True,99549184,8,99549192
162,3,25,1,warmed-repeat,baseline,0,0.5799999833106995,1058306785,0.18000000715255737,1043878380,0.004639166,03b0ce79df361cd407448e77266c47372929c9aa5234bef599ee856d177a14a0,True,99549184,8,99549192
163,3,25,1,warmed-repeat,candidate,1,0.5799999833106995,1058306785,0.18000000715255737,1043878380,0.010741958,03b0ce79df361cd407448e77266c47372929c9aa5234bef599ee856d177a14a0,True,99549192,0,99549192
164,3,26,1,warmed-repeat,candidate,0,0.6800000071525574,1059984507,0.3799999952316284,1052938076,0.008105875,ea8f1d5e977628c028c6d0513753a8acbd77714040bebeb57a4af6d91d9fd765,True,99549192,0,99549192
165,3,26,1,warmed-repeat,baseline,1,0.6800000071525574,1059984507,0.3799999952316284,1052938076,0.007443917,ea8f1d5e977628c028c6d0513753a8acbd77714040bebeb57a4af6d91d9fd765,True,99549184,8,99549192
166,3,27,1,warmed-repeat,baseline,0,0.7799999713897705,1061662228,0.5799999833106995,1058306785,0.004254334,abcbef41005e140dbb74928a3ba264f638b2883815ff3968a72dc736e2a2365f,True,99549184,8,99549192
167,3,27,1,warmed-repeat,candidate,1,0.7799999713897705,1061662228,0.5799999833106995,1058306785,0.005058167,abcbef41005e140dbb74928a3ba264f638b2883815ff3968a72dc736e2a2365f,True,99549192,0,99549192
168,3,28,1,warmed-repeat,candidate,0,0.8799999952316284,1063339950,0.7799999713897705,1061662228,0.01062675,a4675052972005612540256468e77b90e39d205618f4d34e8e4855d4f914c0dc,True,99549192,0,99549192
169,3,28,1,warmed-repeat,baseline,1,0.8799999952316284,1063339950,0.7799999713897705,1061662228,0.014131166,a4675052972005612540256468e77b90e39d205618f4d34e8e4855d4f914c0dc,True,99549184,8,99549192
170,3,29,1,warmed-repeat,baseline,0,0.9800000190734863,1065017672,0.9800000190734863,1065017672,0.005326708,cc821a660a3c95c29fb7adb09febd7cafb4b81b2bb98cbfca775a59a00862520,True,99549184,8,99549192
171,3,29,1,warmed-repeat,candidate,1,0.9800000190734863,1065017672,0.9800000190734863,1065017672,0.009964208,cc821a660a3c95c29fb7adb09febd7cafb4b81b2bb98cbfca775a59a00862520,True,99549192,0,99549192
172,3,30,1,warmed-repeat,candidate,0,1,1065353216,0.5,1056964608,0.007245666,6e6626032ecfefcee764dbffaea4e39daf5a34adfbbde83b1754f888604971ac,True,99549192,0,99549192
173,3,30,1,warmed-repeat,baseline,1,1,1065353216,0.5,1056964608,0.017974708,6e6626032ecfefcee764dbffaea4e39daf5a34adfbbde83b1754f888604971ac,True,99549184,8,99549192
174,3,31,1,warmed-repeat,baseline,0,1,1065353216,1,1065353216,0.008557375,1050b2187bca17baa3c5783330d20979ce3b6fddf24510fc078cd9d4cd543489,True,99549184,8,99549192
175,3,31,1,warmed-repeat,candidate,1,1,1065353216,1,1065353216,0.005863583,1050b2187bca17baa3c5783330d20979ce3b6fddf24510fc078cd9d4cd543489,True,99549192,0,99549192
176,3,24,2,warmed-repeat,baseline,0,0.47999998927116394,1056293519,0.9200000166893005,1064011039,0.003813083,8bc1f968736731eed00cd52a51e8e7630a3957181e9cb8fb497f4e4558830d2d,True,99549184,8,99549192
177,3,24,2,warmed-repeat,candidate,1,0.47999998927116394,1056293519,0.9200000166893005,1064011039,0.006851375,8bc1f968736731eed00cd52a51e8e7630a3957181e9cb8fb497f4e4558830d2d,True,99549192,0,99549192
178,3,25,2,warmed-repeat,candidate,0,0.5799999833106995,1058306785,0.18000000715255737,1043878380,0.006877541,03b0ce79df361cd407448e77266c47372929c9aa5234bef599ee856d177a14a0,True,99549192,0,99549192
179,3,25,2,warmed-repeat,baseline,1,0.5799999833106995,1058306785,0.18000000715255737,1043878380,0.009541208,03b0ce79df361cd407448e77266c47372929c9aa5234bef599ee856d177a14a0,True,99549184,8,99549192
180,3,26,2,warmed-repeat,baseline,0,0.6800000071525574,1059984507,0.3799999952316284,1052938076,0.008499334,ea8f1d5e977628c028c6d0513753a8acbd77714040bebeb57a4af6d91d9fd765,True,99549184,8,99549192
181,3,26,2,warmed-repeat,candidate,1,0.6800000071525574,1059984507,0.3799999952316284,1052938076,0.006413166,ea8f1d5e977628c028c6d0513753a8acbd77714040bebeb57a4af6d91d9fd765,True,99549192,0,99549192
182,3,27,2,warmed-repeat,candidate,0,0.7799999713897705,1061662228,0.5799999833106995,1058306785,0.013933625,abcbef41005e140dbb74928a3ba264f638b2883815ff3968a72dc736e2a2365f,True,99549192,0,99549192
183,3,27,2,warmed-repeat,baseline,1,0.7799999713897705,1061662228,0.5799999833106995,1058306785,0.011547459,abcbef41005e140dbb74928a3ba264f638b2883815ff3968a72dc736e2a2365f,True,99549184,8,99549192
184,3,28,2,warmed-repeat,baseline,0,0.8799999952316284,1063339950,0.7799999713897705,1061662228,0.010315,a4675052972005612540256468e77b90e39d205618f4d34e8e4855d4f914c0dc,True,99549184,8,99549192
185,3,28,2,warmed-repeat,candidate,1,0.8799999952316284,1063339950,0.7799999713897705,1061662228,0.010967291,a4675052972005612540256468e77b90e39d205618f4d34e8e4855d4f914c0dc,True,99549192,0,99549192
186,3,29,2,warmed-repeat,candidate,0,0.9800000190734863,1065017672,0.9800000190734863,1065017672,0.007476792,cc821a660a3c95c29fb7adb09febd7cafb4b81b2bb98cbfca775a59a00862520,True,99549192,0,99549192
187,3,29,2,warmed-repeat,baseline,1,0.9800000190734863,1065017672,0.9800000190734863,1065017672,0.013300042,cc821a660a3c95c29fb7adb09febd7cafb4b81b2bb98cbfca775a59a00862520,True,99549184,8,99549192
188,3,30,2,warmed-repeat,baseline,0,1,1065353216,0.5,1056964608,0.013442916,6e6626032ecfefcee764dbffaea4e39daf5a34adfbbde83b1754f888604971ac,True,99549184,8,99549192
189,3,30,2,warmed-repeat,candidate,1,1,1065353216,0.5,1056964608,0.007793958,6e6626032ecfefcee764dbffaea4e39daf5a34adfbbde83b1754f888604971ac,True,99549192,0,99549192
190,3,31,2,warmed-repeat,candidate,0,1,1065353216,1,1065353216,0.003627917,1050b2187bca17baa3c5783330d20979ce3b6fddf24510fc078cd9d4cd543489,True,99549192,0,99549192
191,3,31,2,warmed-repeat,baseline,1,1,1065353216,1,1065353216,0.004288708,1050b2187bca17baa3c5783330d20979ce3b6fddf24510fc078cd9d4cd543489,True,99549184,8,99549192
