sourceFrameIndex,ordinal,view,ptsValue,ptsTimescale,durationValue,durationTimescale,generation,historyReset,usedModel,bytes,oldSHA256,newSHA256,byteEqual,differentFloat32BitPatterns,oldNonfiniteComponents,newNonfiniteComponents,maximumAbsoluteDifference,meanAbsoluteDifference
1488,0,original,1730489,24000,1001,24000,1,true,true,24883200,f35e4c8b496a6c990ed0387d5d608267019a97d89163063bd5f23b123cae0023,f35e4c8b496a6c990ed0387d5d608267019a97d89163063bd5f23b123cae0023,true,0,0,0,0.0,0.0
1488,0,proxy,1730489,24000,1001,24000,1,true,true,24883200,9a6b6e60b0bc1e1389a68bb4252bc5978099a147b48419c48cecaca774a2a801,9a6b6e60b0bc1e1389a68bb4252bc5978099a147b48419c48cecaca774a2a801,true,0,0,0,0.0,0.0
1488,0,identity,1730489,24000,1001,24000,1,true,true,24883200,bc7ab716a3671abb57e149d2b7e45a53407c4f34e0871cf31fb25474f875079f,bc7ab716a3671abb57e149d2b7e45a53407c4f34e0871cf31fb25474f875079f,true,0,0,0,0.0,0.0
1488,0,enhanced,1730489,24000,1001,24000,1,true,true,24883200,5e3da9cf59dbd124ec26b0f03f376d4270e9b8425482d7611595e40392e95a38,5e3da9cf59dbd124ec26b0f03f376d4270e9b8425482d7611595e40392e95a38,true,0,0,0,0.0,0.0
1489,1,original,1731490,24000,1001,24000,1,false,true,24883200,0546045f6d83ae552faf7dc77ce43afad7931c9c12b5567c8dd900a7ba7739b8,0546045f6d83ae552faf7dc77ce43afad7931c9c12b5567c8dd900a7ba7739b8,true,0,0,0,0.0,0.0
1489,1,proxy,1731490,24000,1001,24000,1,false,true,24883200,81cca9a115b113d1527f52d82411d2222d45a5ebd5c9d8256847f6eb89481fcd,81cca9a115b113d1527f52d82411d2222d45a5ebd5c9d8256847f6eb89481fcd,true,0,0,0,0.0,0.0
1489,1,identity,1731490,24000,1001,24000,1,false,true,24883200,5778c4a5c4e36e94ccdb3f533e9ba4d1547f36f0ef839b1c403576520db6f73a,5778c4a5c4e36e94ccdb3f533e9ba4d1547f36f0ef839b1c403576520db6f73a,true,0,0,0,0.0,0.0
1489,1,enhanced,1731490,24000,1001,24000,1,false,true,24883200,195d194996efdffb88e4a685d9ca9c640ed5ff18e3871bfe553c15822ef3d5ec,195d194996efdffb88e4a685d9ca9c640ed5ff18e3871bfe553c15822ef3d5ec,true,0,0,0,0.0,0.0
1490,2,original,1732491,24000,1001,24000,1,false,true,24883200,ce4fd8d2dca54725e8821f098c618b31acc45aced8c64dad7e8dc80b54770f5a,ce4fd8d2dca54725e8821f098c618b31acc45aced8c64dad7e8dc80b54770f5a,true,0,0,0,0.0,0.0
1490,2,proxy,1732491,24000,1001,24000,1,false,true,24883200,49e5b7ed2841ebcbd88d946e75dc21f664605dd746334f8c4113957b9676cac5,49e5b7ed2841ebcbd88d946e75dc21f664605dd746334f8c4113957b9676cac5,true,0,0,0,0.0,0.0
1490,2,identity,1732491,24000,1001,24000,1,false,true,24883200,bf45553c2403767915d9dafc4ca61557cbf7fac1f3f97725c71d9338cd9bf836,bf45553c2403767915d9dafc4ca61557cbf7fac1f3f97725c71d9338cd9bf836,true,0,0,0,0.0,0.0
1490,2,enhanced,1732491,24000,1001,24000,1,false,true,24883200,c0b553253c566ca70e8c51f23198285f1caedb4b5cc9ec28f58724bcd306bc67,c0b553253c566ca70e8c51f23198285f1caedb4b5cc9ec28f58724bcd306bc67,true,0,0,0,0.0,0.0
1491,3,original,1733492,24000,1001,24000,1,false,true,24883200,7c8a6dbed76e572d47981e5ec9c06e36ac733e0255d3938a5c4c19b3477a74a7,7c8a6dbed76e572d47981e5ec9c06e36ac733e0255d3938a5c4c19b3477a74a7,true,0,0,0,0.0,0.0
1491,3,proxy,1733492,24000,1001,24000,1,false,true,24883200,66d9b0d81a388391579ee5381bb7c06f99c8f9e884189dff6f972d38cde4df87,66d9b0d81a388391579ee5381bb7c06f99c8f9e884189dff6f972d38cde4df87,true,0,0,0,0.0,0.0
1491,3,identity,1733492,24000,1001,24000,1,false,true,24883200,a41200f343f70e5ab59ba2590330ae69201618c90c3941eec2f368e56c12cc94,a41200f343f70e5ab59ba2590330ae69201618c90c3941eec2f368e56c12cc94,true,0,0,0,0.0,0.0
1491,3,enhanced,1733492,24000,1001,24000,1,false,true,24883200,54e22497ba7333a7ce547300534c495fdf328f44f27fa08bbdd1dbccb8feaa24,54e22497ba7333a7ce547300534c495fdf328f44f27fa08bbdd1dbccb8feaa24,true,0,0,0,0.0,0.0
1492,4,original,1734493,24000,1001,24000,1,false,true,24883200,8ecd10b051c5fb754947ebb6616767134a2faa7fc535e87f8e1972a1c3b9de9f,8ecd10b051c5fb754947ebb6616767134a2faa7fc535e87f8e1972a1c3b9de9f,true,0,0,0,0.0,0.0
1492,4,proxy,1734493,24000,1001,24000,1,false,true,24883200,5005a335d97e6961df2904980c0db9f41f0c1fb370f5e12db2bb83ad1cfa8a68,5005a335d97e6961df2904980c0db9f41f0c1fb370f5e12db2bb83ad1cfa8a68,true,0,0,0,0.0,0.0
1492,4,identity,1734493,24000,1001,24000,1,false,true,24883200,ac51950dd8566f9d4f9921e2c13df3f52d9a90f55ae7964a382865679fff0acf,ac51950dd8566f9d4f9921e2c13df3f52d9a90f55ae7964a382865679fff0acf,true,0,0,0,0.0,0.0
1492,4,enhanced,1734493,24000,1001,24000,1,false,true,24883200,70dc3caa83ffcbab5cd4e29207cb3ea456de3d592cbcc0708e944214e3179018,70dc3caa83ffcbab5cd4e29207cb3ea456de3d592cbcc0708e944214e3179018,true,0,0,0,0.0,0.0
1493,5,original,1735494,24000,1001,24000,1,false,true,24883200,83de2ac42a07abda5f352b9c5fc6db22c155beb1a9eb8173e29f6dbfedef5da4,83de2ac42a07abda5f352b9c5fc6db22c155beb1a9eb8173e29f6dbfedef5da4,true,0,0,0,0.0,0.0
1493,5,proxy,1735494,24000,1001,24000,1,false,true,24883200,64d71f91a32e57e8a0667d2c669c0a3335f35b54c7a97357a80d9ed6d2d570b4,64d71f91a32e57e8a0667d2c669c0a3335f35b54c7a97357a80d9ed6d2d570b4,true,0,0,0,0.0,0.0
1493,5,identity,1735494,24000,1001,24000,1,false,true,24883200,db93c68a7959c3f091a0687b375de04e04a376082f79e0cb3275b8d5808fb504,db93c68a7959c3f091a0687b375de04e04a376082f79e0cb3275b8d5808fb504,true,0,0,0,0.0,0.0
1493,5,enhanced,1735494,24000,1001,24000,1,false,true,24883200,91eb4b6dd3e984b51d97418366b263d70c19af991c462db2f7a91707e52383f9,91eb4b6dd3e984b51d97418366b263d70c19af991c462db2f7a91707e52383f9,true,0,0,0,0.0,0.0
1494,6,original,1736495,24000,1001,24000,1,false,true,24883200,9f2dfc8677b0c04ced606968bd109c19b7767aff371fac9b16e1cd4da586e33e,9f2dfc8677b0c04ced606968bd109c19b7767aff371fac9b16e1cd4da586e33e,true,0,0,0,0.0,0.0
1494,6,proxy,1736495,24000,1001,24000,1,false,true,24883200,3ce2fbecbba627f848339e7de8b109679c44dfb6cc6164a68714d91eba6fcccb,3ce2fbecbba627f848339e7de8b109679c44dfb6cc6164a68714d91eba6fcccb,true,0,0,0,0.0,0.0
1494,6,identity,1736495,24000,1001,24000,1,false,true,24883200,de7752579602b9d6162d9dbf6dacabaeee752c32e943fb7b47e0e1fa63a5ef78,de7752579602b9d6162d9dbf6dacabaeee752c32e943fb7b47e0e1fa63a5ef78,true,0,0,0,0.0,0.0
1494,6,enhanced,1736495,24000,1001,24000,1,false,true,24883200,17e83b1b0bc42117c1887e45f22442dae70b5331085e6980c75337d1da98497c,17e83b1b0bc42117c1887e45f22442dae70b5331085e6980c75337d1da98497c,true,0,0,0,0.0,0.0
1495,7,original,1737496,24000,1001,24000,1,false,true,24883200,3a33827d29ae616882b0de6e506c1f389bfd496502a6fa6c281dd23a3eaba893,3a33827d29ae616882b0de6e506c1f389bfd496502a6fa6c281dd23a3eaba893,true,0,0,0,0.0,0.0
1495,7,proxy,1737496,24000,1001,24000,1,false,true,24883200,d5297abbdedd9189c615990a21db0349bf35c7bfc3a12cd61a486dc1002bb929,d5297abbdedd9189c615990a21db0349bf35c7bfc3a12cd61a486dc1002bb929,true,0,0,0,0.0,0.0
1495,7,identity,1737496,24000,1001,24000,1,false,true,24883200,5949ead9e11fdf0e02c30c887b5ad52dfa09fd4cf1901dc321c72e01d2a78bf9,5949ead9e11fdf0e02c30c887b5ad52dfa09fd4cf1901dc321c72e01d2a78bf9,true,0,0,0,0.0,0.0
1495,7,enhanced,1737496,24000,1001,24000,1,false,true,24883200,0fac41bc3afcae08f0935c66f97f09a6c4709d0e1617d7d11045eb4f8fd5b686,0fac41bc3afcae08f0935c66f97f09a6c4709d0e1617d7d11045eb4f8fd5b686,true,0,0,0,0.0,0.0
1496,8,original,1738497,24000,1001,24000,1,false,true,24883200,55f8ed0cf10b2b5aecb1b12f414298725e13e132baaa0f1d2e58bc4ccbf27c6f,55f8ed0cf10b2b5aecb1b12f414298725e13e132baaa0f1d2e58bc4ccbf27c6f,true,0,0,0,0.0,0.0
1496,8,proxy,1738497,24000,1001,24000,1,false,true,24883200,2067ac390b0ae7bb329aa2412208bdd5cd343cce076d9e653723773fae4aeb2f,2067ac390b0ae7bb329aa2412208bdd5cd343cce076d9e653723773fae4aeb2f,true,0,0,0,0.0,0.0
1496,8,identity,1738497,24000,1001,24000,1,false,true,24883200,ad6ca4045766dbe20635f63c6cde49e7bf0543f715121264bf6508bb4d575c12,ad6ca4045766dbe20635f63c6cde49e7bf0543f715121264bf6508bb4d575c12,true,0,0,0,0.0,0.0
1496,8,enhanced,1738497,24000,1001,24000,1,false,true,24883200,4c6971f29a99a7c125417bf761628f2311361e0a71305d8ed4cf7de4c0009544,4c6971f29a99a7c125417bf761628f2311361e0a71305d8ed4cf7de4c0009544,true,0,0,0,0.0,0.0
1497,9,original,1739498,24000,1001,24000,1,false,true,24883200,c7505c8f15b2b3f60e0ff1040d97bbcb7e92a65d20ed8ea6324932d9e634016f,c7505c8f15b2b3f60e0ff1040d97bbcb7e92a65d20ed8ea6324932d9e634016f,true,0,0,0,0.0,0.0
1497,9,proxy,1739498,24000,1001,24000,1,false,true,24883200,26e222bb9f5e7471b646ea2c9aaa390c6d8295fff6a32776e1c662fe80b942af,26e222bb9f5e7471b646ea2c9aaa390c6d8295fff6a32776e1c662fe80b942af,true,0,0,0,0.0,0.0
1497,9,identity,1739498,24000,1001,24000,1,false,true,24883200,341e6cdf8af3bb72b34589b4cc540a297bf817f3b28cc55cb913bf702592172d,341e6cdf8af3bb72b34589b4cc540a297bf817f3b28cc55cb913bf702592172d,true,0,0,0,0.0,0.0
1497,9,enhanced,1739498,24000,1001,24000,1,false,true,24883200,1b0b2b803a89be8d45861c697af5e64044ee206d90eb80cc4af20f4d4e6aac94,1b0b2b803a89be8d45861c697af5e64044ee206d90eb80cc4af20f4d4e6aac94,true,0,0,0,0.0,0.0
1498,10,original,1740499,24000,1001,24000,1,true,true,24883200,9afc12474a7d6536b930f0ab44cfb3ca0ac6b8f703a792c86d9406909a919330,9afc12474a7d6536b930f0ab44cfb3ca0ac6b8f703a792c86d9406909a919330,true,0,0,0,0.0,0.0
1498,10,proxy,1740499,24000,1001,24000,1,true,true,24883200,e7e2b99a952b73cd3f5f6d84afa8bc6182ca7e151166c9c5dfaa1fbfc557d4b8,e7e2b99a952b73cd3f5f6d84afa8bc6182ca7e151166c9c5dfaa1fbfc557d4b8,true,0,0,0,0.0,0.0
1498,10,identity,1740499,24000,1001,24000,1,true,true,24883200,5d62012cca3aeaca58ab4d08e702248d5e130d102c10b09e7f5b1a53fbf8052f,5d62012cca3aeaca58ab4d08e702248d5e130d102c10b09e7f5b1a53fbf8052f,true,0,0,0,0.0,0.0
1498,10,enhanced,1740499,24000,1001,24000,1,true,true,24883200,d4e03b2041bc2b7b6d7680fe246f76cf57715a70888017bf73d424d30d985b6b,d4e03b2041bc2b7b6d7680fe246f76cf57715a70888017bf73d424d30d985b6b,true,0,0,0,0.0,0.0
1499,11,original,1741500,24000,1001,24000,1,false,true,24883200,b3784bfaa43bff6a959baaec2140f2ec3341834d9f1b2cd098cf7c872862d2a4,b3784bfaa43bff6a959baaec2140f2ec3341834d9f1b2cd098cf7c872862d2a4,true,0,0,0,0.0,0.0
1499,11,proxy,1741500,24000,1001,24000,1,false,true,24883200,14bb670c4466232e6ab633a2a6fdefd4c99bace2d8b10f6043f30829c0354b17,14bb670c4466232e6ab633a2a6fdefd4c99bace2d8b10f6043f30829c0354b17,true,0,0,0,0.0,0.0
1499,11,identity,1741500,24000,1001,24000,1,false,true,24883200,ca507822b2256ca6ee2c92357f6f17bc20a5d2fb60ed5ed780d863ef672b9cfa,ca507822b2256ca6ee2c92357f6f17bc20a5d2fb60ed5ed780d863ef672b9cfa,true,0,0,0,0.0,0.0
1499,11,enhanced,1741500,24000,1001,24000,1,false,true,24883200,7b521dddd6fde8d6c26e6cb24587e603a278494b828cce0b5af20c34d5ce900c,7b521dddd6fde8d6c26e6cb24587e603a278494b828cce0b5af20c34d5ce900c,true,0,0,0,0.0,0.0
1500,12,original,1742501,24000,1001,24000,1,false,true,24883200,4023497efd89af70423e89860d1a734c1d06b3fa82a12b51ca8a86bc22a9464c,4023497efd89af70423e89860d1a734c1d06b3fa82a12b51ca8a86bc22a9464c,true,0,0,0,0.0,0.0
1500,12,proxy,1742501,24000,1001,24000,1,false,true,24883200,d0803a559d88c0bd6b54e5cfded20c04d64f959e3c5009ee65a67a705aa33ce3,d0803a559d88c0bd6b54e5cfded20c04d64f959e3c5009ee65a67a705aa33ce3,true,0,0,0,0.0,0.0
1500,12,identity,1742501,24000,1001,24000,1,false,true,24883200,b5dccd219bd6ea04df5bd152e6a1c4be0233dba367211b06c4574401cdaee848,b5dccd219bd6ea04df5bd152e6a1c4be0233dba367211b06c4574401cdaee848,true,0,0,0,0.0,0.0
1500,12,enhanced,1742501,24000,1001,24000,1,false,true,24883200,fe221b3d15c0f340d19113c99937bf0e65f3a3a52fe62802f1acc71cc38e8a5d,fe221b3d15c0f340d19113c99937bf0e65f3a3a52fe62802f1acc71cc38e8a5d,true,0,0,0,0.0,0.0
1501,13,original,1743502,24000,1001,24000,1,false,true,24883200,757ca5c2ccdfdcaaab7d6ce6dc306c63268f14664e9e67f5e967d5cef74d9d21,757ca5c2ccdfdcaaab7d6ce6dc306c63268f14664e9e67f5e967d5cef74d9d21,true,0,0,0,0.0,0.0
1501,13,proxy,1743502,24000,1001,24000,1,false,true,24883200,4945f8e1ed2a6ce70e38e9f25e6ee38a7d2a8b0e0901cab474531c8113227e4e,4945f8e1ed2a6ce70e38e9f25e6ee38a7d2a8b0e0901cab474531c8113227e4e,true,0,0,0,0.0,0.0
1501,13,identity,1743502,24000,1001,24000,1,false,true,24883200,2c11a6d73c3093a409f33df150e6736097a3e0f265644e76f7e402fc2777b53f,2c11a6d73c3093a409f33df150e6736097a3e0f265644e76f7e402fc2777b53f,true,0,0,0,0.0,0.0
1501,13,enhanced,1743502,24000,1001,24000,1,false,true,24883200,dd4f015644311ee952ed4da0c4c08726a81b37b493d5a72714fabfb1c6b3df7b,dd4f015644311ee952ed4da0c4c08726a81b37b493d5a72714fabfb1c6b3df7b,true,0,0,0,0.0,0.0
1502,14,original,1744503,24000,1001,24000,1,false,true,24883200,e77b6ad178c877ca17688b054b836d5654980faf1067c54782fb0c5dc9ee1124,e77b6ad178c877ca17688b054b836d5654980faf1067c54782fb0c5dc9ee1124,true,0,0,0,0.0,0.0
1502,14,proxy,1744503,24000,1001,24000,1,false,true,24883200,ad7ed19b2a9ce48b75220fac53032ab41cea9d4eddfe62f09bb1c86e063d6e46,ad7ed19b2a9ce48b75220fac53032ab41cea9d4eddfe62f09bb1c86e063d6e46,true,0,0,0,0.0,0.0
1502,14,identity,1744503,24000,1001,24000,1,false,true,24883200,b074f90e78b04d8b2fd1bd57c40aac27bc8fce8575d491855a719685b1575eee,b074f90e78b04d8b2fd1bd57c40aac27bc8fce8575d491855a719685b1575eee,true,0,0,0,0.0,0.0
1502,14,enhanced,1744503,24000,1001,24000,1,false,true,24883200,c3e193937694a5dc2feedc3156085ce93f62652cc7aea7ad6c2148aaa59842df,c3e193937694a5dc2feedc3156085ce93f62652cc7aea7ad6c2148aaa59842df,true,0,0,0,0.0,0.0
1503,15,original,1745504,24000,1001,24000,1,false,true,24883200,3d0ff3ab0b5b6baf905172dbf12e6c7d34bbac550e9f4a5c34fd189cbf7e07ea,3d0ff3ab0b5b6baf905172dbf12e6c7d34bbac550e9f4a5c34fd189cbf7e07ea,true,0,0,0,0.0,0.0
1503,15,proxy,1745504,24000,1001,24000,1,false,true,24883200,d0e5c2803d70ef53f24fac74b8d5709c4d6caeb53dcb90684c7e1275fa774a9b,d0e5c2803d70ef53f24fac74b8d5709c4d6caeb53dcb90684c7e1275fa774a9b,true,0,0,0,0.0,0.0
1503,15,identity,1745504,24000,1001,24000,1,false,true,24883200,efe382c895b74d775f0f8dd8f014b0cf0c2e41473aaae5ed0d4f78c0ffbdd7d2,efe382c895b74d775f0f8dd8f014b0cf0c2e41473aaae5ed0d4f78c0ffbdd7d2,true,0,0,0,0.0,0.0
1503,15,enhanced,1745504,24000,1001,24000,1,false,true,24883200,c0921fe3939253882e8b1b25ce686000a76af9a842273718c6dcaab0426191fa,c0921fe3939253882e8b1b25ce686000a76af9a842273718c6dcaab0426191fa,true,0,0,0,0.0,0.0
1504,16,original,1746505,24000,1001,24000,1,false,true,24883200,36b9abe6464556f8da1f06229fbef411e0a2fe8a5b7b99b14ac89ef1480cdea5,36b9abe6464556f8da1f06229fbef411e0a2fe8a5b7b99b14ac89ef1480cdea5,true,0,0,0,0.0,0.0
1504,16,proxy,1746505,24000,1001,24000,1,false,true,24883200,d841adda17732722059f6de44301e74fecb55acc82790a6183686bebf268ffa9,d841adda17732722059f6de44301e74fecb55acc82790a6183686bebf268ffa9,true,0,0,0,0.0,0.0
1504,16,identity,1746505,24000,1001,24000,1,false,true,24883200,dbf63df7f148826b7b60858c5c6963a842415cea7a8190c203a35f029428fc55,dbf63df7f148826b7b60858c5c6963a842415cea7a8190c203a35f029428fc55,true,0,0,0,0.0,0.0
1504,16,enhanced,1746505,24000,1001,24000,1,false,true,24883200,efa359c042051a152f8465e9dc5443328b5c09acd9f1629a56eeb5deb1b9a5b0,efa359c042051a152f8465e9dc5443328b5c09acd9f1629a56eeb5deb1b9a5b0,true,0,0,0,0.0,0.0
1505,17,original,1747506,24000,1001,24000,1,false,true,24883200,fea90ed17c81d88288a0541914ab4a2c1eef6ac1614ce9f4d177b09f628708bd,fea90ed17c81d88288a0541914ab4a2c1eef6ac1614ce9f4d177b09f628708bd,true,0,0,0,0.0,0.0
1505,17,proxy,1747506,24000,1001,24000,1,false,true,24883200,5e9f8c578fbdaa9a79951a9a0b0db54ad2a6dc573f3248623711260204a2f518,5e9f8c578fbdaa9a79951a9a0b0db54ad2a6dc573f3248623711260204a2f518,true,0,0,0,0.0,0.0
1505,17,identity,1747506,24000,1001,24000,1,false,true,24883200,30fcbdf0f0898035d501651e8870cbeeb8c33e2b7d6a1af004baa31fe8453c8d,30fcbdf0f0898035d501651e8870cbeeb8c33e2b7d6a1af004baa31fe8453c8d,true,0,0,0,0.0,0.0
1505,17,enhanced,1747506,24000,1001,24000,1,false,true,24883200,497bb7765e0cdbc2a4639943c795c9f1db3d32adace6aae3ec9dcd6b49b64cda,497bb7765e0cdbc2a4639943c795c9f1db3d32adace6aae3ec9dcd6b49b64cda,true,0,0,0,0.0,0.0
1506,18,original,1748507,24000,1001,24000,1,false,true,24883200,a58c79ca48141c08d8ec350b73150772ab83e3e81a3536ea4f450a5b130776fa,a58c79ca48141c08d8ec350b73150772ab83e3e81a3536ea4f450a5b130776fa,true,0,0,0,0.0,0.0
1506,18,proxy,1748507,24000,1001,24000,1,false,true,24883200,005b4fbe5a259b3440cdbacb4d77d7d1174f34b0c160e36ea1d31a6d1e17e58c,005b4fbe5a259b3440cdbacb4d77d7d1174f34b0c160e36ea1d31a6d1e17e58c,true,0,0,0,0.0,0.0
1506,18,identity,1748507,24000,1001,24000,1,false,true,24883200,67a18aac4b64808f2cbf3c5f6ff783205b962a4ed4ef98e32b499393b299f9a8,67a18aac4b64808f2cbf3c5f6ff783205b962a4ed4ef98e32b499393b299f9a8,true,0,0,0,0.0,0.0
1506,18,enhanced,1748507,24000,1001,24000,1,false,true,24883200,099eb326df92a44d00f2ec335b182a4809b71bb849d38056f35939967a11e201,099eb326df92a44d00f2ec335b182a4809b71bb849d38056f35939967a11e201,true,0,0,0,0.0,0.0
1507,19,original,1749508,24000,1001,24000,1,false,true,24883200,7ef678b4cebbd7ab940db5bc47c5c4283c6b06414cb721a6a9227ba6438bd312,7ef678b4cebbd7ab940db5bc47c5c4283c6b06414cb721a6a9227ba6438bd312,true,0,0,0,0.0,0.0
1507,19,proxy,1749508,24000,1001,24000,1,false,true,24883200,ae848c323367785c4afaf1dce9a980f379438c1285609a99009bbad4ea0dc89b,ae848c323367785c4afaf1dce9a980f379438c1285609a99009bbad4ea0dc89b,true,0,0,0,0.0,0.0
1507,19,identity,1749508,24000,1001,24000,1,false,true,24883200,73e6676f04f937b5b586e5cf61e06ee977594543794ed6901d6740f5e27fe929,73e6676f04f937b5b586e5cf61e06ee977594543794ed6901d6740f5e27fe929,true,0,0,0,0.0,0.0
1507,19,enhanced,1749508,24000,1001,24000,1,false,true,24883200,7f6834df21de8998dea549a43f9836d843f1296a39771db2bb68ac8baad9d48b,7f6834df21de8998dea549a43f9836d843f1296a39771db2bb68ac8baad9d48b,true,0,0,0,0.0,0.0
